10293|1077|2010-03-08
12678|1065|2010-05-18
13565|1025|2010-06-04
15144|1002|2010-06-28
15192|1060|2010-06-28
16490|1062|2010-07-16
19873|1013|2010-08-25
26057|1008|2010-10-20
34731|1009|2010-12-22
34732|1017|2010-12-22
37394|1070|2011-01-07
42150|1078|2011-02-04
42158|1081|2011-02-04
43020|1052|2011-02-09
43539|1034|2011-02-12
43596|1042|2011-02-12
45526|1090|2011-02-23
46328|1036|2011-02-27
46922|1019|2011-03-03
49467|1073|2011-03-16
49889|1040|2011-03-18
53734|1011|2011-04-06
54921|1072|2011-04-12
55067|1011|2011-04-12
57053|1013|2011-04-22
58275|1081|2011-04-27
58546|1073|2011-04-29
60778|1086|2011-05-09
64800|1026|2011-05-27
77299|1100|2011-07-17
79321|1080|2011-07-25
81459|1028|2011-08-02
82297|1084|2011-08-05
85208|1035|2011-08-15
91149|1054|2011-09-05
91937|1031|2011-09-08
92285|1012|2011-09-09
92654|1083|2011-09-10
95336|1093|2011-09-19
98518|1063|2011-09-30
98903|1068|2011-10-02
102953|1073|2011-10-15
104406|1032|2011-10-19
105894|1099|2011-10-24
112702|1023|2011-11-15
113363|1075|2011-11-17
113835|1009|2011-11-18
117168|1059|2011-11-28
127521|1063|2011-12-29
127970|1073|2011-12-30
128422|1036|2011-12-31
129605|1089|2012-01-04
130216|1013|2012-01-05
131114|1036|2012-01-08
131805|1017|2012-01-10
133385|1064|2012-01-14
134139|1031|2012-01-17
137898|1025|2012-01-27
141950|1091|2012-02-07
146031|1014|2012-02-18
146638|1077|2012-02-20
150229|1000|2012-02-29
154844|1047|2012-03-12
156965|1006|2012-03-18
160590|1030|2012-03-27
165165|1039|2012-04-07
167151|1022|2012-04-12
172347|1034|2012-04-25
173205|1048|2012-04-27
173479|1031|2012-04-28
174899|1089|2012-05-01
176475|1092|2012-05-05
178848|1012|2012-05-11
179990|1018|2012-05-13
181606|1095|2012-05-17
182002|1001|2012-05-18
183233|1060|2012-05-21
183472|1035|2012-05-21
183814|1031|2012-05-22
184701|1091|2012-05-24
185577|1042|2012-05-26
186192|1095|2012-05-28
186403|1014|2012-05-28
186598|1075|2012-05-29
187041|1058|2012-05-30
189882|1069|2012-06-05
192421|1077|2012-06-11
192475|1060|2012-06-11
195759|1033|2012-06-19
199106|1056|2012-06-26
202340|1022|2012-07-03
205453|1035|2012-07-10
207843|1041|2012-07-15
210282|1051|2012-07-20
210448|1022|2012-07-21
212781|1096|2012-07-26
213085|1086|2012-07-27
215189|1072|2012-07-31
215484|1072|2012-08-01
226766|1020|2012-08-24
231065|1042|2012-09-02
233421|1050|2012-09-07
240079|1042|2012-09-20
241619|1096|2012-09-24
243840|1078|2012-09-28
250285|1027|2012-10-10
251853|1085|2012-10-13
255410|1028|2012-10-20
255881|1075|2012-10-21
256729|1027|2012-10-23
258831|1063|2012-10-27
265409|1073|2012-11-09
266123|1059|2012-11-10
268382|1075|2012-11-15
268470|1078|2012-11-15
268531|1033|2012-11-15
269451|1044|2012-11-17
276901|1078|2012-12-01
277083|1030|2012-12-01
279469|1031|2012-12-05
280118|1067|2012-12-07
281090|1025|2012-12-08
284004|1058|2012-12-14
287029|1021|2012-12-19
289637|1083|2012-12-24
290345|1049|2012-12-25
291127|1016|2012-12-27
291916|1093|2012-12-28
299975|1079|2013-01-12
312361|1087|2013-02-02
312977|1069|2013-02-03
313959|1029|2013-02-05
314705|1057|2013-02-06
315566|1012|2013-02-08
318857|1057|2013-02-13
319118|1099|2013-02-14
323728|1062|2013-02-22
326019|1067|2013-02-25
327189|1012|2013-02-28
328909|1057|2013-03-02
330250|1090|2013-03-05
331033|1085|2013-03-06
337776|1100|2013-03-17
337920|1085|2013-03-17
345373|1089|2013-03-30
349045|1063|2013-04-05
353243|1063|2013-04-11
355838|1030|2013-04-15
357202|1011|2013-04-18
364048|1012|2013-04-29
364300|1078|2013-04-29
365811|1034|2013-05-02
365865|1073|2013-05-02
367044|1011|2013-05-04
367731|1090|2013-05-05
368601|1020|2013-05-06
374544|1091|2013-05-15
376227|1032|2013-05-18
379147|1039|2013-05-23
379693|1058|2013-05-23
381432|1096|2013-05-26
381813|1053|2013-05-27
386181|1008|2013-06-02
391311|1038|2013-06-10
392557|1025|2013-06-12
393879|1049|2013-06-14
397509|1040|2013-06-20
399043|1081|2013-06-22
405860|1041|2013-07-03
406065|1099|2013-07-03
409643|1010|2013-07-08
414845|1090|2013-07-16
418012|1084|2013-07-20
419532|1048|2013-07-23
422553|1078|2013-07-27
430319|1048|2013-08-07
434700|1072|2013-08-13
434801|1082|2013-08-14
434840|1002|2013-08-14
441507|1044|2013-08-23
444803|1089|2013-08-28
446088|1079|2013-08-29
446355|1001|2013-08-30
447259|1031|2013-08-31
449040|1054|2013-09-03
453442|1033|2013-09-09
454094|1065|2013-09-10
461006|1012|2013-09-20
461049|1015|2013-09-20
464007|1019|2013-09-24
466794|1043|2013-09-28
473661|1067|2013-10-07
474419|1035|2013-10-08
474806|1015|2013-10-08
476066|1060|2013-10-10
479947|1005|2013-10-15
480742|1062|2013-10-17
482000|1011|2013-10-18
482670|1004|2013-10-19
484755|1016|2013-10-22
485468|1037|2013-10-23
488652|1013|2013-10-27
490667|1039|2013-10-30
497558|1029|2013-11-08
498787|1083|2013-11-10
500673|1021|2013-11-13
503003|1085|2013-11-16
504058|1070|2013-11-17
504290|1031|2013-11-18
506074|1040|2013-11-20
506688|1036|2013-11-21
506710|1057|2013-11-21
506828|1041|2013-11-21
509141|1043|2013-11-24
514158|1059|2013-12-01
515443|1082|2013-12-02
516905|1040|2013-12-04
523454|1059|2013-12-13
530817|1047|2013-12-22
531241|1033|2013-12-23
533295|1071|2013-12-25
537325|1049|2013-12-30
539096|1003|2014-01-02
541386|1062|2014-01-05
545759|1065|2014-01-10
546283|1058|2014-01-11
547001|1089|2014-01-12
558489|1021|2014-01-26
559556|1028|2014-01-27
564820|1021|2014-02-03
565432|1089|2014-02-04
570165|1090|2014-02-09
572315|1044|2014-02-12
574021|1066|2014-02-14
575244|1057|2014-02-15
576380|1013|2014-02-17
577788|1071|2014-02-19
579863|1006|2014-02-21
582473|1095|2014-02-24
583119|1001|2014-02-25
585694|1096|2014-02-28
589369|1036|2014-03-04
590998|1036|2014-03-06
591349|1000|2014-03-07
591697|1100|2014-03-07
601453|1012|2014-03-19
606456|1084|2014-03-25
609741|1016|2014-03-29
614164|1051|2014-04-03
621002|1031|2014-04-11
626723|1074|2014-04-18
627664|1010|2014-04-19
627773|1098|2014-04-19
628713|1072|2014-04-20
629688|1030|2014-04-21
632850|1049|2014-04-25
640638|1003|2014-05-04
641110|1090|2014-05-04
641269|1058|2014-05-05
645383|1052|2014-05-09
645469|1089|2014-05-09
648980|1021|2014-05-13
649056|1063|2014-05-13
649941|1085|2014-05-14
655183|1027|2014-05-20
659033|1003|2014-05-25
661567|1044|2014-05-28
664725|1023|2014-05-31
667338|1090|2014-06-03
669285|1065|2014-06-05
670638|1043|2014-06-07
677863|1011|2014-06-15
677991|1079|2014-06-15
680403|1095|2014-06-18
683885|1033|2014-06-22
684408|1087|2014-06-22
693118|1090|2014-07-02
695112|1030|2014-07-04
696097|1091|2014-07-05
697582|1065|2014-07-06
698002|1033|2014-07-07
699371|1071|2014-07-08
700638|1080|2014-07-10
703125|1088|2014-07-12
704554|1094|2014-07-14
708652|1013|2014-07-18
710848|1093|2014-07-21
712620|1095|2014-07-23
714138|1074|2014-07-24
716217|1043|2014-07-26
718908|1002|2014-07-29
720092|1054|2014-07-31
724574|1040|2014-08-04
728885|1005|2014-08-09
731732|1054|2014-08-12
734473|1084|2014-08-15
740163|1011|2014-08-21
741013|1054|2014-08-22
742738|1078|2014-08-24
743896|1065|2014-08-25
746525|1019|2014-08-28
749320|1042|2014-08-31
751364|1042|2014-09-02
753939|1037|2014-09-04
753947|1090|2014-09-04
754313|1034|2014-09-05
755862|1018|2014-09-06
761034|1040|2014-09-12
765609|1059|2014-09-16
776662|1051|2014-09-28
778164|1063|2014-09-29
779865|1003|2014-10-01
780808|1013|2014-10-02
783232|1062|2014-10-05
784496|1045|2014-10-06
790016|1007|2014-10-12
793266|1076|2014-10-15
794546|1056|2014-10-16
795265|1061|2014-10-17
796865|1036|2014-10-18
799816|1027|2014-10-21
802345|1033|2014-10-24
802672|1012|2014-10-24
808437|1050|2014-10-30
808456|1078|2014-10-30
811480|1066|2014-11-02
811862|1019|2014-11-03
812369|1032|2014-11-03
817345|1090|2014-11-08
817885|1096|2014-11-09
819494|1077|2014-11-10
820210|1074|2014-11-11
821298|1049|2014-11-12
821756|1082|2014-11-12
823558|1050|2014-11-14
825572|1026|2014-11-16
826254|1018|2014-11-17
827702|1036|2014-11-18
829271|1064|2014-11-20
829931|1013|2014-11-20
831613|1048|2014-11-22
833859|1027|2014-11-24
833940|1032|2014-11-24
835795|1039|2014-11-26
839376|1020|2014-11-30
844440|1008|2014-12-05
845521|1049|2014-12-06
845710|1051|2014-12-06
845862|1003|2014-12-06
847589|1064|2014-12-08
853075|1085|2014-12-13
857738|1053|2014-12-18
860168|1065|2014-12-20
860274|1083|2014-12-20
860394|1008|2014-12-20
860523|1019|2014-12-21
862361|1001|2014-12-22
862812|1028|2014-12-23
865116|1074|2014-12-25
865754|1010|2014-12-25
866240|1095|2014-12-26
867148|1002|2014-12-27
867979|1034|2014-12-28
868771|1072|2014-12-28
871411|1018|2014-12-31
873502|1046|2015-01-02
878571|1030|2015-01-07
882963|1016|2015-01-11
883055|1023|2015-01-11
885966|1044|2015-01-14
888761|1082|2015-01-16
889078|1027|2015-01-17
893081|1098|2015-01-20
894073|1004|2015-01-21
896119|1054|2015-01-23
896608|1098|2015-01-24
898852|1048|2015-01-26
903490|1043|2015-01-30
906988|1093|2015-02-03
908344|1085|2015-02-04
909280|1035|2015-02-05
916601|1091|2015-02-12
917181|1092|2015-02-12
926858|1065|2015-02-21
930967|1039|2015-02-25
936961|1021|2015-03-02
937016|1091|2015-03-02
939229|1003|2015-03-04
941374|1087|2015-03-06
943283|1001|2015-03-08
943531|1096|2015-03-08
944702|1040|2015-03-09
945867|1093|2015-03-10
947725|1009|2015-03-12
953437|1015|2015-03-17
956195|1061|2015-03-20
958728|1048|2015-03-22
959021|1012|2015-03-22
960551|1073|2015-03-24
962251|1080|2015-03-25
965876|1061|2015-03-28
968539|1076|2015-03-31
968661|1061|2015-03-31
969358|1090|2015-04-01
969991|1072|2015-04-01
970608|1061|2015-04-02
971023|1033|2015-04-02
972105|1006|2015-04-03
974787|1052|2015-04-05
975744|1033|2015-04-06
978743|1083|2015-04-09
984968|1037|2015-04-14
987240|1000|2015-04-17
988504|1012|2015-04-18
988534|1079|2015-04-18
989656|1047|2015-04-19
990627|1004|2015-04-20
990809|1099|2015-04-20
990939|1084|2015-04-20
994304|1029|2015-04-23
995554|1016|2015-04-24
996843|1038|2015-04-25
999004|1080|2015-04-27
1006696|1021|2015-05-04
1007050|1034|2015-05-04
1009292|1024|2015-05-06
1014335|1054|2015-05-10
1014350|1061|2015-05-10
1014452|1025|2015-05-11
1016155|1091|2015-05-12
1019167|1086|2015-05-15
1027508|1028|2015-05-22
1028813|1018|2015-05-23
1033318|1095|2015-05-27
1038227|1043|2015-05-31
1041603|1022|2015-06-03
1044861|1010|2015-06-06
1044990|1038|2015-06-06
1051842|1041|2015-06-12
1053733|1082|2015-06-13
1055275|1065|2015-06-15
1055405|1064|2015-06-15
1056808|1024|2015-06-16
1061257|1012|2015-06-20
1061501|1072|2015-06-20
1065074|1099|2015-06-23
1065798|1041|2015-06-24
1071941|1008|2015-06-29
1072309|1094|2015-06-29
1074870|1093|2015-07-01
1079098|1049|2015-07-05
1081320|1083|2015-07-07
1082142|1003|2015-07-07
1083232|1059|2015-07-08
1083850|1077|2015-07-09
1087763|1037|2015-07-12
1095118|1094|2015-07-18
1096114|1099|2015-07-19
1101107|1005|2015-07-23
1108436|1007|2015-07-29
1116341|1031|2015-08-05
1127207|1024|2015-08-14
1130863|1074|2015-08-17
1136331|1065|2015-08-21
1138033|1002|2015-08-22
1138131|1032|2015-08-22
1151542|1019|2015-09-02
1153095|1064|2015-09-04
1153470|1074|2015-09-04
1154614|1026|2015-09-05
1163453|1049|2015-09-12
1163631|1057|2015-09-12
1164428|1040|2015-09-13
1171419|1031|2015-09-18
1174678|1028|2015-09-21
1175584|1001|2015-09-22
1175920|1008|2015-09-22
1176044|1011|2015-09-22
1177921|1086|2015-09-23
1183747|1052|2015-09-28
1189972|1041|2015-10-03
1191112|1071|2015-10-04
1194485|1072|2015-10-07
1194497|1008|2015-10-07
1198757|1010|2015-10-10
1201429|1074|2015-10-12
1201701|1084|2015-10-12
1202322|1034|2015-10-13
1208680|1002|2015-10-18
1208735|1088|2015-10-18
1213973|1090|2015-10-22
1215406|1003|2015-10-23
1216022|1043|2015-10-23
1229900|1052|2015-11-03
1233207|1035|2015-11-06
1235163|1040|2015-11-07
1235439|1061|2015-11-07
1236524|1039|2015-11-08
1240464|1004|2015-11-11
1241305|1000|2015-11-12
1241409|1077|2015-11-12
1249145|1069|2015-11-18
1250747|1070|2015-11-19
1252605|1059|2015-11-21
1254853|1057|2015-11-22
1258841|1048|2015-11-25
1264226|1070|2015-11-30
1268263|1064|2015-12-03
1270181|1032|2015-12-04
1270968|1080|2015-12-05
1273371|1087|2015-12-07
1274189|1011|2015-12-07
1276717|1023|2015-12-09
1278495|1076|2015-12-10
1285460|1094|2015-12-16
1286068|1078|2015-12-16
1286701|1067|2015-12-17
1287032|1013|2015-12-17
1288349|1067|2015-12-18
1290450|1091|2015-12-19
1296029|1090|2015-12-24
1299276|1089|2015-12-26
1303680|1046|2015-12-29
1304865|1041|2015-12-30
1309200|1057|2016-01-02
1310535|1074|2016-01-03
1314739|1081|2016-01-07
1318515|1030|2016-01-09
1318923|1077|2016-01-10
1319898|1090|2016-01-11
1323656|1025|2016-01-13
1325148|1011|2016-01-14
1327666|1030|2016-01-16
1333068|1038|2016-01-20
1342328|1025|2016-01-27
1343323|1011|2016-01-28
1343948|1003|2016-01-28
1350133|1050|2016-02-02
1352326|1031|2016-02-03
1354020|1004|2016-02-05
1356737|1098|2016-02-07
1359798|1043|2016-02-09
1363102|1075|2016-02-11
1363470|1036|2016-02-12
1363932|1004|2016-02-12
1365621|1042|2016-02-13
1367262|1092|2016-02-14
1371466|1058|2016-02-17
1371832|1062|2016-02-18
1376205|1070|2016-02-21
1376387|1018|2016-02-21
1378996|1025|2016-02-23
1381286|1007|2016-02-25
1385737|1041|2016-02-28
1387875|1042|2016-02-29
1389262|1088|2016-03-01
1390563|1048|2016-03-02
1390857|1032|2016-03-03
1394624|1028|2016-03-05
1394689|1069|2016-03-05
1395035|1062|2016-03-05
1398820|1074|2016-03-08
1401277|1000|2016-03-10
1403183|1002|2016-03-11
1406765|1002|2016-03-14
1408918|1057|2016-03-15
1411066|1003|2016-03-17
1411585|1067|2016-03-17
1412012|1019|2016-03-18
1414227|1020|2016-03-19
1416981|1038|2016-03-21
1417102|1061|2016-03-21
1419341|1009|2016-03-23
1419378|1027|2016-03-23
1420934|1083|2016-03-24
1421056|1068|2016-03-24
1421994|1036|2016-03-25
1422759|1037|2016-03-25
1425642|1017|2016-03-27
1428141|1037|2016-03-29
1430420|1042|2016-03-30
1432572|1083|2016-04-01
1433427|1037|2016-04-02
1436610|1076|2016-04-04
1440663|1093|2016-04-07
1441597|1014|2016-04-07
1443483|1027|2016-04-09
1445221|1064|2016-04-10
1447663|1090|2016-04-12
1447756|1068|2016-04-12
1453671|1053|2016-04-16
1454802|1059|2016-04-17
1455390|1057|2016-04-17
1460827|1095|2016-04-21
1460988|1098|2016-04-21
1465886|1032|2016-04-24
1467022|1081|2016-04-25
1469636|1000|2016-04-27
1472176|1003|2016-04-29
1472833|1032|2016-04-29
1475910|1034|2016-05-01
1476315|1038|2016-05-02
1476956|1018|2016-05-02
1477506|1057|2016-05-02
1477865|1072|2016-05-03
1478955|1021|2016-05-03
1479163|1086|2016-05-03
1480078|1042|2016-05-04
1486712|1064|2016-05-09
1488814|1077|2016-05-10
1489826|1085|2016-05-11
1492757|1093|2016-05-13
1502665|1095|2016-05-20
1505460|1088|2016-05-21
1508045|1083|2016-05-23
1510070|1045|2016-05-25
1514418|1046|2016-05-28
1516320|1006|2016-05-29
1516552|1030|2016-05-29
1516998|1020|2016-05-29
1517345|1054|2016-05-30
1518510|1049|2016-05-30
1518871|1048|2016-05-31
1523755|1037|2016-06-03
1524071|1015|2016-06-03
1526238|1057|2016-06-05
1527282|1072|2016-06-05
1530233|1064|2016-06-07
1532539|1023|2016-06-09
1535553|1081|2016-06-11
1537468|1078|2016-06-12
1540862|1088|2016-06-15
1548997|1026|2016-06-20
1550110|1069|2016-06-21
1559176|1072|2016-06-27
1560499|1065|2016-06-28
1562769|1053|2016-06-29
1564406|1069|2016-06-30
1565518|1075|2016-07-01
1568156|1006|2016-07-03
1572166|1082|2016-07-06
1575479|1011|2016-07-08
1579633|1019|2016-07-11
1583038|1083|2016-07-13
1585086|1021|2016-07-14
1586584|1057|2016-07-15
1586708|1043|2016-07-15
1586809|1098|2016-07-15
1588433|1040|2016-07-16
1590847|1045|2016-07-18
1592469|1030|2016-07-19
1596065|1085|2016-07-22
1596733|1099|2016-07-22
1597526|1071|2016-07-23
1599938|1082|2016-07-24
1602392|1049|2016-07-26
1604896|1002|2016-07-27
1606156|1017|2016-07-28
1608078|1023|2016-07-29
1610060|1058|2016-07-31
1613189|1036|2016-08-02
1620827|1039|2016-08-07
1626660|1076|2016-08-10
1627925|1040|2016-08-11
1629794|1032|2016-08-13
1632729|1037|2016-08-14
1634302|1017|2016-08-15
1634694|1030|2016-08-16
1642197|1071|2016-08-21
1642615|1036|2016-08-21
1643408|1049|2016-08-21
1644530|1014|2016-08-22
1645092|1042|2016-08-22
1653353|1096|2016-08-28
1658983|1039|2016-08-31
1662200|1067|2016-09-02
1666650|1037|2016-09-05
1669237|1094|2016-09-07
1677043|1070|2016-09-12
1677275|1087|2016-09-12
1678820|1083|2016-09-13
1684264|1083|2016-09-17
1686245|1039|2016-09-18
1686463|1070|2016-09-18
1687286|1005|2016-09-19
1687627|1011|2016-09-19
1690344|1021|2016-09-21
1696622|1006|2016-09-25
1696986|1064|2016-09-25
1697321|1021|2016-09-25
1697746|1024|2016-09-25
1701224|1045|2016-09-27
1701296|1072|2016-09-27
1706043|1024|2016-09-30
1706153|1082|2016-09-30
1708580|1096|2016-10-02
1710283|1082|2016-10-03
1712460|1029|2016-10-04
1714350|1071|2016-10-06
1718056|1032|2016-10-08
1719680|1006|2016-10-09
1724985|1047|2016-10-12
1728725|1034|2016-10-15
1729710|1014|2016-10-15
1731016|1067|2016-10-16
1731686|1004|2016-10-16
1740124|1036|2016-10-22
1740299|1047|2016-10-22
1744505|1059|2016-10-25
1749261|1014|2016-10-27
1753789|1029|2016-10-30
1754204|1054|2016-10-31
1755636|1034|2016-10-31
1756795|1042|2016-11-01
1756858|1004|2016-11-01
1757018|1081|2016-11-01
1757848|1071|2016-11-02
1759706|1072|2016-11-03
1760448|1009|2016-11-03
1764324|1073|2016-11-06
1765002|1051|2016-11-06
1766177|1086|2016-11-07
1767418|1061|2016-11-08
1767935|1027|2016-11-08
1768950|1030|2016-11-09
1769564|1063|2016-11-09
1772572|1050|2016-11-11
1776199|1035|2016-11-13
1777848|1052|2016-11-14
1778153|1034|2016-11-14
1778944|1053|2016-11-15
1786014|1009|2016-11-19
1788238|1008|2016-11-20
1792624|1010|2016-11-23
1793875|1014|2016-11-24
1796327|1092|2016-11-25
1800793|1100|2016-11-28
1806914|1018|2016-12-02
1806973|1033|2016-12-02
1808213|1049|2016-12-03
1808566|1014|2016-12-03
1808915|1088|2016-12-03
1811339|1091|2016-12-05
1813110|1087|2016-12-06
1813641|1053|2016-12-06
1814035|1074|2016-12-06
1818940|1001|2016-12-09
1820836|1006|2016-12-10
1822595|1027|2016-12-11
1822888|1080|2016-12-12
1825587|1021|2016-12-13
1829143|1028|2016-12-15
1829749|1077|2016-12-16
1830063|1009|2016-12-16
1843025|1050|2016-12-24
1843245|1093|2016-12-24
1850497|1057|2016-12-28
1851411|1065|2016-12-29
1856016|1071|2016-12-31
1856923|1045|2017-01-01
1857566|1031|2017-01-01
1858126|1056|2017-01-01
1858136|1039|2017-01-01
1859063|1022|2017-01-02
1860828|1030|2017-01-03
1861118|1092|2017-01-03
1861211|1020|2017-01-03
1865999|1063|2017-01-06
1867426|1098|2017-01-07
1869113|1029|2017-01-08
1869707|1013|2017-01-08
1870352|1098|2017-01-09
1873386|1007|2017-01-11
1876826|1048|2017-01-13
1881901|1049|2017-01-16
1883442|1032|2017-01-17
1887182|1031|2017-01-19
1890761|1072|2017-01-21
1891694|1021|2017-01-21
1894193|1044|2017-01-23
1895917|1054|2017-01-24
1895961|1050|2017-01-24
1900242|1024|2017-01-26
1900495|1032|2017-01-27
1901366|1045|2017-01-27
1903521|1010|2017-01-28
1907966|1099|2017-01-31
1912865|1065|2017-02-03
1916592|1040|2017-02-05
1919719|1070|2017-02-07
1921452|1073|2017-02-08
1921889|1063|2017-02-08
1924857|1051|2017-02-10
1926095|1056|2017-02-10
1928981|1075|2017-02-12
1932130|1004|2017-02-14
1933546|1080|2017-02-15
1934126|1035|2017-02-15
1937980|1016|2017-02-17
1938179|1086|2017-02-17
1938599|1035|2017-02-18
1944999|1059|2017-02-21
1945676|1090|2017-02-22
1948993|1049|2017-02-24
1950362|1034|2017-02-25
1954823|1048|2017-02-27
1955482|1029|2017-02-27
1956005|1054|2017-02-28
1964632|1094|2017-03-05
1967731|1064|2017-03-06
1976648|1016|2017-03-11
1977342|1037|2017-03-12
1981914|1078|2017-03-15
1982277|1078|2017-03-15
1982680|1042|2017-03-15
1987376|1020|2017-03-18
1988070|1007|2017-03-18
1990783|1020|2017-03-20
1994873|1070|2017-03-22
1995385|1023|2017-03-22
1998412|1073|2017-03-24
2002790|1035|2017-03-26
2003128|1014|2017-03-27
2006371|1004|2017-03-28
2006391|1003|2017-03-28
2006889|1054|2017-03-29
2008339|1019|2017-03-30
2012873|1071|2017-04-01
2013450|1058|2017-04-01
2021450|1076|2017-04-06
2023803|1004|2017-04-07
2027895|1031|2017-04-10
2029430|1068|2017-04-11
2031876|1096|2017-04-12
2032828|1068|2017-04-12
2036771|1061|2017-04-15
2036985|1008|2017-04-15
2041748|1069|2017-04-17
2042289|1068|2017-04-18
2043235|1023|2017-04-18
2046232|1045|2017-04-20
2046607|1003|2017-04-20
2048215|1026|2017-04-21
2049875|1059|2017-04-22
2056170|1071|2017-04-25
2056586|1094|2017-04-26
2058100|1043|2017-04-27
2059816|1075|2017-04-27
2059985|1028|2017-04-28
2062515|1029|2017-04-29
2064887|1007|2017-04-30
2074342|1040|2017-05-06
2082253|1009|2017-05-10
2084311|1064|2017-05-11
2087214|1091|2017-05-13
2095496|1001|2017-05-17
2095689|1040|2017-05-17
2101596|1000|2017-05-20
2109128|1078|2017-05-24
2109803|1076|2017-05-25
2110665|1021|2017-05-25
2111824|1100|2017-05-26
2117996|1025|2017-05-29
2119815|1065|2017-05-30
2120971|1063|2017-05-31
2122811|1034|2017-06-01
2125979|1007|2017-06-03
2129040|1032|2017-06-04
2131452|1064|2017-06-06
2132548|1011|2017-06-06
2135123|1096|2017-06-08
2136866|1030|2017-06-09
2137795|1036|2017-06-09
2138120|1053|2017-06-09
2143697|1032|2017-06-12
2151713|1050|2017-06-17
2152009|1082|2017-06-17
2152022|1070|2017-06-17
2153552|1040|2017-06-18
2153957|1045|2017-06-18
2156075|1084|2017-06-19
2158954|1002|2017-06-21
2160932|1011|2017-06-22
2161837|1053|2017-06-22
2164044|1011|2017-06-23
2166940|1038|2017-06-25
2167305|1056|2017-06-25
2168001|1078|2017-06-25
2172152|1082|2017-06-28
2172766|1067|2017-06-28
2182367|1044|2017-07-03
2184295|1056|2017-07-04
2184351|1059|2017-07-04
2185723|1006|2017-07-05
2186529|1028|2017-07-05
2186550|1082|2017-07-05
2188028|1026|2017-07-06
2191760|1051|2017-07-08
2198376|1008|2017-07-12
2199514|1031|2017-07-12
2202509|1038|2017-07-14
2203278|1094|2017-07-14
2206201|1017|2017-07-16
2207485|1039|2017-07-16
2210951|1040|2017-07-18
2213515|1061|2017-07-20
2218049|1056|2017-07-22
2218180|1092|2017-07-22
2219548|1014|2017-07-23
2220145|1058|2017-07-23
2221239|1070|2017-07-24
2224294|1050|2017-07-25
2227423|1051|2017-07-27
2229919|1008|2017-07-28
2232319|1040|2017-07-30
2233500|1049|2017-07-30
2234689|1072|2017-07-31
2237480|1011|2017-08-01
2245337|1013|2017-08-05
2247400|1052|2017-08-07
2247744|1016|2017-08-07
2252102|1002|2017-08-09
2252587|1088|2017-08-09
2253255|1092|2017-08-10
2253703|1024|2017-08-10
2253994|1087|2017-08-10
2256205|1015|2017-08-11
2259808|1025|2017-08-13
2262473|1056|2017-08-14
2266821|1022|2017-08-17
2267206|1005|2017-08-17
2267884|1093|2017-08-17
2279034|1040|2017-08-23
2279455|1090|2017-08-23
2281006|1066|2017-08-24
2281965|1092|2017-08-24
2285807|1083|2017-08-26
2288813|1085|2017-08-28
2291230|1016|2017-08-29
2291440|1007|2017-08-29
2292250|1074|2017-08-30
2293833|1044|2017-08-31
2298423|1056|2017-09-02
2299012|1030|2017-09-02
2302650|1032|2017-09-04
2305631|1096|2017-09-06
2308010|1062|2017-09-07
2311708|1059|2017-09-09
2314000|1088|2017-09-10
2315404|1051|2017-09-11
2317387|1079|2017-09-12
2318434|1088|2017-09-12
2323237|1005|2017-09-15
2323394|1054|2017-09-15
2324579|1083|2017-09-15
2326986|1045|2017-09-17
2327235|1002|2017-09-17
2327496|1035|2017-09-17
2327818|1013|2017-09-17
2336598|1008|2017-09-21
2339336|1089|2017-09-23
2339526|1024|2017-09-23
2343346|1080|2017-09-25
2347082|1100|2017-09-27
2352534|1096|2017-09-30
2353662|1052|2017-09-30
2353722|1096|2017-09-30
2357314|1022|2017-10-02
2358164|1072|2017-10-02
2365001|1068|2017-10-06
2366491|1070|2017-10-07
2370299|1032|2017-10-09
2370677|1095|2017-10-09
2372104|1002|2017-10-10
2374736|1098|2017-10-11
2376580|1070|2017-10-12
2377425|1027|2017-10-12
2383799|1025|2017-10-15
2385512|1008|2017-10-16
2388470|1070|2017-10-18
2390305|1045|2017-10-19
2391850|1043|2017-10-19
2392398|1020|2017-10-20
2394203|1080|2017-10-21
2394673|1051|2017-10-21
2394852|1062|2017-10-21
2397197|1087|2017-10-22
2404523|1016|2017-10-26
2405056|1093|2017-10-26
2410660|1080|2017-10-29
2412224|1093|2017-10-30
2412407|1090|2017-10-30
2412776|1087|2017-10-30
2414993|1080|2017-10-31
2417416|1040|2017-11-01
2420880|1023|2017-11-03
2423577|1022|2017-11-04
2425961|1080|2017-11-05
2429686|1040|2017-11-07
2432110|1029|2017-11-08
2433206|1046|2017-11-09
2434745|1041|2017-11-10
2437162|1019|2017-11-11
2441698|1040|2017-11-13
2442048|1087|2017-11-13
2454494|1017|2017-11-19
2461720|1031|2017-11-23
2462159|1072|2017-11-23
2464039|1017|2017-11-24
2464795|1031|2017-11-24
2466843|1056|2017-11-25
2467646|1048|2017-11-26
2468968|1002|2017-11-26
2473759|1036|2017-11-29
2474068|1059|2017-11-29
2478462|1060|2017-12-01
2479353|1007|2017-12-02
2479355|1024|2017-12-02
2479612|1078|2017-12-02
2479656|1080|2017-12-02
2480070|1025|2017-12-02
2480192|1080|2017-12-02
2481418|1060|2017-12-03
2481435|1036|2017-12-03
2482724|1060|2017-12-03
2482788|1021|2017-12-03
2485146|1084|2017-12-04
2485483|1030|2017-12-05
2487914|1024|2017-12-06
2489015|1096|2017-12-06
2493212|1071|2017-12-08
2494198|1036|2017-12-09
2494273|1042|2017-12-09
2497305|1064|2017-12-10
2500062|1051|2017-12-12
2503947|1063|2017-12-14
2507513|1068|2017-12-15
2507635|1026|2017-12-15
2507999|1035|2017-12-15
2508227|1082|2017-12-16
2509990|1069|2017-12-16
2522122|1061|2017-12-22
2525500|1042|2017-12-24
2525918|1040|2017-12-24
2537474|1004|2017-12-30
2539009|1061|2017-12-30
2540590|1093|2017-12-31
2543512|1003|2018-01-02
2543807|1003|2018-01-02
2543961|1066|2018-01-02
2550608|1000|2018-01-05
2551356|1094|2018-01-05
2551520|1028|2018-01-06
2554608|1007|2018-01-07
2554704|1070|2018-01-07
2555895|1019|2018-01-08
2556209|1002|2018-01-08
2562095|1096|2018-01-10
2563244|1090|2018-01-11
2566734|1031|2018-01-13
2567402|1076|2018-01-13
2568434|1088|2018-01-13
2568511|1020|2018-01-13
2572157|1046|2018-01-15
2579595|1048|2018-01-19
2580636|1057|2018-01-19
2581543|1088|2018-01-20
2581856|1022|2018-01-20
2587944|1015|2018-01-23
2588211|1019|2018-01-23
2589240|1046|2018-01-23
2591827|1096|2018-01-24
2593106|1056|2018-01-25
2593737|1024|2018-01-25
2595703|1049|2018-01-26
2596921|1022|2018-01-27
2600056|1085|2018-01-28
2603449|1007|2018-01-30
2605969|1026|2018-01-31
2606340|1066|2018-01-31
2606922|1038|2018-02-01
2609861|1052|2018-02-02
2612647|1098|2018-02-03
2613425|1006|2018-02-04
2613636|1029|2018-02-04
2619953|1016|2018-02-07
2623213|1078|2018-02-08
2627836|1059|2018-02-10
2635625|1059|2018-02-14
2637862|1036|2018-02-15
2643500|1086|2018-02-18
2643987|1081|2018-02-18
2644188|1042|2018-02-18
2645644|1060|2018-02-19
2646757|1079|2018-02-19
2647517|1033|2018-02-20
2647778|1077|2018-02-20
2648757|1070|2018-02-20
2649865|1085|2018-02-21
2654262|1030|2018-02-23
2657175|1056|2018-02-24
2659405|1004|2018-02-25
2663511|1018|2018-02-27
2664100|1043|2018-02-27
2665085|1084|2018-02-28
2668785|1063|2018-03-02
2670731|1054|2018-03-02
2670972|1061|2018-03-03
2672670|1024|2018-03-03
2674431|1021|2018-03-04
2674467|1040|2018-03-04
2676033|1090|2018-03-05
2678856|1099|2018-03-06
2681385|1009|2018-03-07
2682668|1068|2018-03-08
2687003|1039|2018-03-10
2690738|1070|2018-03-12
2691544|1000|2018-03-12
2696869|1059|2018-03-14
2699052|1003|2018-03-15
2699272|1036|2018-03-16
2699821|1056|2018-03-16
2702694|1012|2018-03-17
2706457|1100|2018-03-19
2708619|1032|2018-03-20
2709025|1054|2018-03-20
2713205|1038|2018-03-22
2713290|1032|2018-03-22
2714522|1003|2018-03-23
2715014|1088|2018-03-23
2715264|1015|2018-03-23
2717889|1005|2018-03-24
2718607|1087|2018-03-24
2719386|1021|2018-03-25
2721985|1065|2018-03-26
2725813|1054|2018-03-28
2726037|1036|2018-03-28
2737738|1054|2018-04-02
2739980|1017|2018-04-03
2744924|1023|2018-04-05
2746032|1062|2018-04-06
2746064|1016|2018-04-06
2749721|1019|2018-04-08
2752666|1041|2018-04-09
2756929|1035|2018-04-11
2757310|1034|2018-04-11
2762786|1084|2018-04-14
2763540|1006|2018-04-14
2765828|1026|2018-04-15
2771385|1062|2018-04-17
2785790|1000|2018-04-24
2791030|1086|2018-04-26
2793592|1081|2018-04-27
2794493|1085|2018-04-28
2799097|1011|2018-04-30
2799800|1077|2018-04-30
2799970|1036|2018-04-30
2799971|1045|2018-04-30
2803376|1082|2018-05-02
2803875|1028|2018-05-02
2806527|1050|2018-05-03
2807532|1037|2018-05-04
2814185|1085|2018-05-07
2820146|1096|2018-05-09
2821323|1056|2018-05-10
2823946|1044|2018-05-11
2824202|1003|2018-05-11
2824906|1032|2018-05-11
2840779|1092|2018-05-18
2841126|1066|2018-05-19
2844190|1041|2018-05-20
2844592|1096|2018-05-20
2844832|1032|2018-05-20
2847822|1004|2018-05-22
2847917|1059|2018-05-22
2849477|1095|2018-05-22
2851386|1069|2018-05-23
2851435|1050|2018-05-23
2856647|1079|2018-05-25
2857019|1061|2018-05-26
2859983|1031|2018-05-27
2863083|1078|2018-05-28
2867990|1071|2018-05-30
2868297|1076|2018-05-31
2869484|1073|2018-05-31
2869789|1064|2018-05-31
2870368|1100|2018-05-31
2870546|1046|2018-05-31
2873488|1032|2018-06-02
2877657|1083|2018-06-04
2882198|1030|2018-06-06
2883865|1063|2018-06-06
2885028|1041|2018-06-07
2885040|1011|2018-06-07
2885115|1094|2018-06-07
2887058|1064|2018-06-08
2890588|1072|2018-06-09
2892757|1077|2018-06-10
2901208|1001|2018-06-14
2901709|1003|2018-06-14
2904563|1034|2018-06-15
2905336|1070|2018-06-16
2911802|1042|2018-06-19
2912235|1054|2018-06-19
2913283|1026|2018-06-19
2920370|1009|2018-06-22
2920906|1092|2018-06-23
2921683|1017|2018-06-23
2923311|1015|2018-06-24
2926653|1075|2018-06-25
2931192|1026|2018-06-27
2932899|1005|2018-06-28
2936237|1026|2018-06-29
2940512|1020|2018-07-01
2941673|1013|2018-07-02
2942152|1081|2018-07-02
2944083|1002|2018-07-03
2946270|1034|2018-07-04
2947254|1032|2018-07-04
2948460|1023|2018-07-04
2949831|1034|2018-07-05
2951642|1065|2018-07-06
2952437|1015|2018-07-06
2956292|1067|2018-07-08
2957058|1052|2018-07-08
2965639|1022|2018-07-12
2968591|1003|2018-07-13
2969965|1080|2018-07-14
2976261|1093|2018-07-16
2980412|1100|2018-07-18
2981990|1040|2018-07-19
2982035|1013|2018-07-19
2992491|1072|2018-07-23
2993061|1045|2018-07-24
2994381|1061|2018-07-24
2994967|1096|2018-07-24
2996314|1064|2018-07-25
2996833|1078|2018-07-25
3002328|1067|2018-07-28
3004561|1070|2018-07-28
3013569|1091|2018-08-01
3013741|1028|2018-08-01
3013920|1005|2018-08-01
3020640|1074|2018-08-04
3021750|1077|2018-08-05
3022470|1007|2018-08-05
3024791|1094|2018-08-06
3025676|1082|2018-08-06
3026674|1059|2018-08-07
3029201|1054|2018-08-08
3029304|1039|2018-08-08
3032105|1044|2018-08-09
3038297|1067|2018-08-12
3043519|1044|2018-08-14
3047611|1077|2018-08-16
3054166|1093|2018-08-18
3057277|1093|2018-08-20
3064307|1047|2018-08-23
3065627|1095|2018-08-23
3068514|1066|2018-08-24
3070298|1051|2018-08-25
3089536|1060|2018-09-02
3093350|1010|2018-09-04
3097362|1053|2018-09-05
3107551|1079|2018-09-10
3110981|1087|2018-09-11
3111370|1000|2018-09-11
3114628|1096|2018-09-13
3118783|1001|2018-09-14
3119432|1051|2018-09-15
3121531|1052|2018-09-15
3123238|1034|2018-09-16
3125089|1011|2018-09-17
3130268|1042|2018-09-19
3138015|1036|2018-09-22
3138429|1043|2018-09-22
3139976|1088|2018-09-23
3143250|1050|2018-09-24
3144111|1068|2018-09-25
3145642|1071|2018-09-25
3150649|1064|2018-09-27
3155024|1086|2018-09-29
3155257|1016|2018-09-29
3155861|1013|2018-09-30
3155923|1002|2018-09-30
3158296|1024|2018-10-01
3158328|1021|2018-10-01
3159142|1038|2018-10-01
3161589|1003|2018-10-02
3162037|1100|2018-10-02
3164036|1075|2018-10-03
3173564|1001|2018-10-07
3174280|1098|2018-10-07
3174738|1074|2018-10-07
3175449|1081|2018-10-08
3175648|1007|2018-10-08
3176133|1049|2018-10-08
3177038|1035|2018-10-08
3177327|1019|2018-10-08
3180899|1038|2018-10-10
3184212|1006|2018-10-11
3187675|1054|2018-10-13
3188561|1089|2018-10-13
3189749|1003|2018-10-13
3194622|1054|2018-10-15
3200390|1060|2018-10-18
3203739|1085|2018-10-19
3213905|1031|2018-10-23
3213931|1044|2018-10-23
3215373|1077|2018-10-24
3219575|1083|2018-10-25
3219873|1033|2018-10-26
3220108|1020|2018-10-26
3226272|1096|2018-10-28
3229069|1049|2018-10-29
3231617|1054|2018-10-30
3233986|1093|2018-10-31
3234512|1084|2018-11-01
3237622|1026|2018-11-02
3240203|1058|2018-11-03
3244464|1086|2018-11-05
3248329|1030|2018-11-06
3254148|1012|2018-11-08
3254774|1034|2018-11-09
3258010|1083|2018-11-10
3258413|1044|2018-11-10
3260175|1038|2018-11-11
3264937|1062|2018-11-13
3270086|1060|2018-11-15
3270105|1071|2018-11-15
3270165|1057|2018-11-15
3270763|1086|2018-11-15
3273196|1038|2018-11-16
3273953|1090|2018-11-16
3278736|1046|2018-11-18
3280457|1076|2018-11-19
3281892|1069|2018-11-19
3282199|1089|2018-11-20
3282558|1099|2018-11-20
3288168|1066|2018-11-22
3291032|1059|2018-11-23
3291764|1060|2018-11-23
3293944|1035|2018-11-24
3295172|1028|2018-11-25
3297117|1041|2018-11-26
3299486|1019|2018-11-26
3299914|1034|2018-11-27
3301366|1075|2018-11-27
3302726|1006|2018-11-28
3303100|1040|2018-11-28
3304561|1005|2018-11-28
3311234|1048|2018-12-01
3317774|1002|2018-12-04
3320711|1078|2018-12-05
3321247|1057|2018-12-05
3321253|1073|2018-12-05
3321511|1017|2018-12-05
3323598|1032|2018-12-06
3332599|1057|2018-12-09
3338860|1016|2018-12-12
3344363|1025|2018-12-14
3344631|1023|2018-12-14
3345111|1069|2018-12-14
3346977|1086|2018-12-15
3350678|1044|2018-12-17
3355510|1056|2018-12-18
3355807|1059|2018-12-19
3356137|1062|2018-12-19
3359760|1069|2018-12-20
3363254|1079|2018-12-21
3366925|1009|2018-12-23
3370771|1004|2018-12-24
3371975|1013|2018-12-25
3372738|1042|2018-12-25
3377631|1085|2018-12-27
3378507|1079|2018-12-27
3379443|1008|2018-12-28
3379546|1027|2018-12-28
3387040|1018|2018-12-31
3392632|1072|2019-01-02
3395701|1035|2019-01-03
3396464|1084|2019-01-03
3401440|1074|2019-01-05
3401609|1093|2019-01-05
3401814|1024|2019-01-05
3402223|1057|2019-01-06
3405140|1048|2019-01-07
3416508|1030|2019-01-11
3419943|1072|2019-01-12
3423176|1025|2019-01-14
3424430|1100|2019-01-14
3426988|1041|2019-01-15
3430524|1091|2019-01-16
3430742|1022|2019-01-17
3431363|1005|2019-01-17
3435674|1062|2019-01-18
3438068|1074|2019-01-19
3439690|1096|2019-01-20
3443218|1081|2019-01-21
3444136|1020|2019-01-22
3446981|1048|2019-01-23
3452221|1069|2019-01-25
3455986|1022|2019-01-26
3456302|1073|2019-01-26
3462637|1033|2019-01-29
3466943|1049|2019-01-30
3471161|1093|2019-02-01
3473895|1070|2019-02-02
3476881|1093|2019-02-03
3477346|1038|2019-02-03
3477805|1078|2019-02-04
3482777|1058|2019-02-05
3485616|1038|2019-02-06
3486087|1022|2019-02-07
3486360|1027|2019-02-07
3487589|1035|2019-02-07
3487819|1039|2019-02-07
3488508|1091|2019-02-08
3490749|1038|2019-02-08
3494161|1063|2019-02-10
3495885|1065|2019-02-10
3496461|1007|2019-02-11
3499253|1081|2019-02-12
3507558|1085|2019-02-15
3507564|1006|2019-02-15
3508472|1084|2019-02-15
3508985|1079|2019-02-15
3510086|1095|2019-02-16
3517524|1028|2019-02-18
3522713|1024|2019-02-20
3524149|1090|2019-02-21
3524194|1025|2019-02-21
3524416|1087|2019-02-21
3525246|1025|2019-02-21
3525869|1018|2019-02-22
3526850|1008|2019-02-22
3530615|1099|2019-02-23
3533419|1002|2019-02-24
3534298|1003|2019-02-25
3536431|1017|2019-02-26
3542514|1058|2019-02-28
3544701|1064|2019-03-01
3546992|1030|2019-03-02
3548928|1007|2019-03-02
3552530|1052|2019-03-04
3555898|1077|2019-03-05
3560451|1084|2019-03-07
3560739|1024|2019-03-07
3561745|1010|2019-03-07
3566319|1093|2019-03-09
3575202|1053|2019-03-12
3576350|1058|2019-03-13
3582333|1084|2019-03-15
3583314|1039|2019-03-15
3589275|1038|2019-03-17
3589369|1080|2019-03-17
3589583|1057|2019-03-17
3589953|1058|2019-03-18
3596728|1060|2019-03-20
3597105|1050|2019-03-20
3597950|1020|2019-03-21
3601480|1093|2019-03-22
3601914|1018|2019-03-22
3609320|1039|2019-03-25
3610305|1075|2019-03-25
3610746|1004|2019-03-25
3614359|1020|2019-03-27
3614623|1023|2019-03-27
3614676|1092|2019-03-27
3614879|1085|2019-03-27
3615109|1081|2019-03-27
3618697|1014|2019-03-28
3619074|1014|2019-03-28
3621795|1022|2019-03-29
3623207|1034|2019-03-30
3624387|1039|2019-03-30
3628105|1053|2019-04-01
3629962|1067|2019-04-01
3630105|1013|2019-04-02
3630895|1017|2019-04-02
3631922|1022|2019-04-02
3636943|1037|2019-04-04
3640331|1056|2019-04-05
3642594|1057|2019-04-06
3644164|1062|2019-04-07
3645440|1056|2019-04-07
3645701|1024|2019-04-07
3650977|1077|2019-04-09
3651309|1039|2019-04-09
3652390|1094|2019-04-10
3653393|1039|2019-04-10
3660394|1012|2019-04-13
3661963|1034|2019-04-13
3663131|1011|2019-04-14
3663498|1084|2019-04-14
3663542|1052|2019-04-14
3666103|1012|2019-04-15
3668358|1052|2019-04-16
3668378|1006|2019-04-16
3669288|1063|2019-04-16
3672198|1018|2019-04-17
3672347|1063|2019-04-17
3672509|1006|2019-04-17
3678179|1001|2019-04-19
3679649|1008|2019-04-20
3680958|1085|2019-04-20
3683289|1060|2019-04-21
3685264|1030|2019-04-22
3687016|1062|2019-04-22
3687813|1006|2019-04-23
3687928|1047|2019-04-23
3697832|1079|2019-04-26
3698285|1035|2019-04-26
3698456|1073|2019-04-26
3699684|1016|2019-04-27
3705074|1052|2019-04-29
3706131|1098|2019-04-29
3706369|1017|2019-04-29
3708846|1050|2019-04-30
3709611|1015|2019-04-30
3715928|1048|2019-05-03
3719011|1087|2019-05-04
3720734|1074|2019-05-04
3723295|1031|2019-05-05
3729716|1003|2019-05-08
3730316|1062|2019-05-08
3734845|1039|2019-05-10
3741297|1048|2019-05-12
3744669|1071|2019-05-13
3746496|1059|2019-05-14
3750146|1089|2019-05-15
3753128|1084|2019-05-16
3757249|1100|2019-05-18
3757806|1006|2019-05-18
3757878|1088|2019-05-18
3759545|1079|2019-05-18
3765305|1079|2019-05-20
3766582|1016|2019-05-21
3767797|1048|2019-05-21
3770943|1086|2019-05-22
3772192|1052|2019-05-23
3772257|1072|2019-05-23
3772928|1068|2019-05-23
3774456|1002|2019-05-24
3781011|1075|2019-05-26
3781776|1061|2019-05-26
3781959|1054|2019-05-26
3783552|1061|2019-05-27
3785373|1051|2019-05-27
3789147|1022|2019-05-29
3796626|1051|2019-05-31
3798347|1087|2019-06-01
3799334|1007|2019-06-01
3799807|1093|2019-06-02
3800873|1011|2019-06-02
3802610|1065|2019-06-03
3808738|1078|2019-06-05
3809187|1007|2019-06-05
3810514|1076|2019-06-05
3811339|1028|2019-06-06
3814566|1098|2019-06-07
3817480|1039|2019-06-08
3819594|1073|2019-06-09
3819854|1066|2019-06-09
3820286|1061|2019-06-09
3821768|1014|2019-06-09
3822208|1048|2019-06-09
3822574|1003|2019-06-10
3825232|1057|2019-06-11
3825651|1019|2019-06-11
3831946|1041|2019-06-13
3833298|1053|2019-06-13
3834280|1067|2019-06-14
3834457|1078|2019-06-14
3838132|1033|2019-06-15
3847381|1028|2019-06-18
3848029|1032|2019-06-19
3849035|1046|2019-06-19
3853040|1053|2019-06-20
3855280|1000|2019-06-21
3857258|1048|2019-06-22
3857297|1077|2019-06-22
3858508|1076|2019-06-22
3858537|1067|2019-06-22
3860040|1095|2019-06-23
3860139|1030|2019-06-23
3861041|1068|2019-06-23
3867300|1062|2019-06-25
3874403|1043|2019-06-28
3876615|1100|2019-06-29
3877195|1072|2019-06-29
3881210|1028|2019-06-30
3881569|1039|2019-06-30
3883279|1011|2019-07-01
3889357|1071|2019-07-03
3893194|1073|2019-07-04
3905236|1014|2019-07-09
3909359|1014|2019-07-10
3909597|1036|2019-07-10
3910950|1040|2019-07-11
3912066|1082|2019-07-11
3916757|1012|2019-07-13
3918130|1098|2019-07-13
3923543|1016|2019-07-15
3930250|1099|2019-07-17
3931107|1030|2019-07-17
3931432|1071|2019-07-18
3935782|1067|2019-07-19
3936897|1031|2019-07-19
3937199|1000|2019-07-20
3939140|1029|2019-07-20
3943945|1018|2019-07-22
3945989|1037|2019-07-23
3948193|1036|2019-07-23
3950924|1027|2019-07-24
3955417|1020|2019-07-26
3955444|1047|2019-07-26
3957145|1015|2019-07-26
3958279|1052|2019-07-27
3960551|1081|2019-07-28
3961563|1079|2019-07-28
3962846|1028|2019-07-28
3966253|1068|2019-07-30
3966469|1010|2019-07-30
3968008|1011|2019-07-30
3971800|1038|2019-07-31
3972765|1082|2019-08-01
3974273|1075|2019-08-01
3977114|1032|2019-08-02
3984794|1033|2019-08-05
3990168|1048|2019-08-07
3992861|1056|2019-08-08
3993333|1079|2019-08-08
3995517|1082|2019-08-09
3995821|1099|2019-08-09
4000410|1065|2019-08-10
4001358|1079|2019-08-11
4001761|1071|2019-08-11
4003782|1024|2019-08-11
4004579|1082|2019-08-12
4004843|1036|2019-08-12
4007597|1032|2019-08-13
4008348|1080|2019-08-13
4010556|1090|2019-08-14
4011107|1007|2019-08-14
4012887|1039|2019-08-14
4016484|1078|2019-08-16
4021288|1089|2019-08-17
4025652|1006|2019-08-19
4027694|1029|2019-08-19
4027974|1003|2019-08-20
4032041|1032|2019-08-21
4032752|1053|2019-08-21
4033200|1037|2019-08-21
4037126|1086|2019-08-23
4049949|1001|2019-08-27
4051864|1024|2019-08-27
4053215|1034|2019-08-28
4055373|1034|2019-08-29
4055601|1048|2019-08-29
4056171|1008|2019-08-29
4058346|1072|2019-08-30
4059270|1067|2019-08-30
4068015|1049|2019-09-02
4072180|1009|2019-09-03
4072869|1041|2019-09-03
4074700|1075|2019-09-04
4075335|1085|2019-09-04
4075683|1079|2019-09-04
4076648|1025|2019-09-05
4082915|1017|2019-09-07
4084057|1030|2019-09-07
4084639|1081|2019-09-07
4084863|1087|2019-09-07
4085317|1093|2019-09-08
4086985|1029|2019-09-08
4087382|1026|2019-09-08
4088340|1034|2019-09-09
4093341|1036|2019-09-10
4100864|1009|2019-09-13
4110739|1049|2019-09-16
4111034|1073|2019-09-16
4116122|1047|2019-09-18
4118577|1064|2019-09-18
4120468|1043|2019-09-19
4120598|1025|2019-09-19
4125519|1093|2019-09-21
4128935|1022|2019-09-22
4130417|1028|2019-09-22
4136984|1021|2019-09-25
4142667|1084|2019-09-26
4143775|1004|2019-09-27
4145086|1092|2019-09-27
4145865|1001|2019-09-27
4146956|1082|2019-09-28
4151131|1026|2019-09-29
4153037|1091|2019-09-30
4157544|1087|2019-10-01
4162882|1074|2019-10-03
4164315|1063|2019-10-04
4168447|1063|2019-10-05
4170330|1034|2019-10-05
4173799|1051|2019-10-07
4189537|1099|2019-10-12
4190867|1035|2019-10-12
4194249|1053|2019-10-13
4196659|1022|2019-10-14
4198500|1100|2019-10-15
4198605|1030|2019-10-15
4201956|1003|2019-10-16
4202346|1073|2019-10-16
4202961|1036|2019-10-16
4203223|1076|2019-10-16
4209229|1028|2019-10-18
4210442|1030|2019-10-19
4212964|1025|2019-10-19
4216385|1080|2019-10-20
4217446|1017|2019-10-21
4220832|1010|2019-10-22
4227078|1027|2019-10-24
4232480|1058|2019-10-26
4234010|1071|2019-10-26
4237497|1049|2019-10-27
4240508|1016|2019-10-28
4241259|1038|2019-10-29
4242112|1061|2019-10-29
4242127|1061|2019-10-29
4242293|1072|2019-10-29
4242426|1071|2019-10-29
4246628|1022|2019-10-30
4251173|1059|2019-11-01
4253734|1059|2019-11-01
4254877|1019|2019-11-02
4255940|1008|2019-11-02
4257012|1078|2019-11-03
4259996|1063|2019-11-04
4260863|1046|2019-11-04
4261866|1027|2019-11-04
4262971|1084|2019-11-04
4263219|1100|2019-11-05
4264005|1034|2019-11-05
4264631|1011|2019-11-05
4265687|1025|2019-11-05
4268353|1041|2019-11-06
4269182|1073|2019-11-06
4272488|1050|2019-11-08
4295491|1048|2019-11-15
4296129|1002|2019-11-15
4297892|1049|2019-11-16
4298288|1091|2019-11-16
4298456|1021|2019-11-16
4302833|1031|2019-11-17
4305815|1061|2019-11-18
4309012|1019|2019-11-19
4310839|1024|2019-11-20
4311543|1014|2019-11-20
4315874|1009|2019-11-21
4315914|1015|2019-11-21
4317570|1013|2019-11-22
4319684|1087|2019-11-23
4320870|1072|2019-11-23
4323932|1089|2019-11-24
4325917|1099|2019-11-25
4326613|1075|2019-11-25
4329349|1021|2019-11-26
4329939|1049|2019-11-26
4335968|1028|2019-11-28
4344144|1086|2019-11-30
4344991|1059|2019-12-01
4345699|1030|2019-12-01
4345804|1003|2019-12-01
4347172|1014|2019-12-01
4348945|1081|2019-12-02
4358084|1083|2019-12-05
4360800|1051|2019-12-06
4362078|1036|2019-12-06
4366499|1076|2019-12-07
4369721|1037|2019-12-08
4370711|1027|2019-12-09
4377915|1046|2019-12-11
4384005|1046|2019-12-13
4384430|1081|2019-12-13
4385335|1047|2019-12-13
4385733|1046|2019-12-14
4386326|1067|2019-12-14
4391846|1059|2019-12-15
4392043|1044|2019-12-15
4393175|1094|2019-12-16
4395516|1100|2019-12-17
4399370|1068|2019-12-18
4404232|1021|2019-12-19
4406588|1031|2019-12-20
4408789|1068|2019-12-21
4409237|1056|2019-12-21
4409384|1059|2019-12-21
4419961|1019|2019-12-24
4420090|1008|2019-12-24
4425963|1096|2019-12-26
4425992|1084|2019-12-26
4428029|1022|2019-12-27
4439666|1014|2019-12-30
4442748|1092|2019-12-31
4443596|1066|2019-12-31
4443678|1060|2020-01-01
4443845|1083|2020-01-01
4448002|1001|2020-01-02
4449276|1074|2020-01-02
4453597|1022|2020-01-04
4453908|1007|2020-01-04
4455886|1076|2020-01-04
4462276|1051|2020-01-06
4465169|1011|2020-01-07
4467740|1082|2020-01-08
4470701|1076|2020-01-09
4470946|1031|2020-01-09
4471270|1086|2020-01-09
4471916|1011|2020-01-09
4473938|1095|2020-01-10
4475155|1001|2020-01-10
4477254|1044|2020-01-11
4477600|1063|2020-01-11
4479927|1070|2020-01-12
4481407|1040|2020-01-12
4482662|1032|2020-01-13
4483277|1004|2020-01-13
4483928|1003|2020-01-13
4485216|1045|2020-01-13
4487410|1087|2020-01-14
4494533|1045|2020-01-16
4495005|1036|2020-01-16
4495190|1082|2020-01-16
4497215|1006|2020-01-17
4497829|1094|2020-01-17
4507597|1035|2020-01-20
4517143|1033|2020-01-23
4518400|1091|2020-01-23
4519557|1079|2020-01-24
4519703|1058|2020-01-24
4520458|1073|2020-01-24
4522437|1079|2020-01-25
4522788|1007|2020-01-25
4525922|1072|2020-01-26
4526362|1017|2020-01-26
4526373|1086|2020-01-26
4526825|1045|2020-01-26
4534024|1099|2020-01-28
4534162|1077|2020-01-28
4535229|1026|2020-01-29
4535913|1068|2020-01-29
4538948|1001|2020-01-30
4540387|1066|2020-01-30
4541014|1035|2020-01-30
4542606|1021|2020-01-31
4545099|1083|2020-02-01
4547390|1024|2020-02-01
4551538|1004|2020-02-02
4553216|1082|2020-02-03
4555769|1004|2020-02-04
4558972|1070|2020-02-05
4559322|1054|2020-02-05
4561602|1082|2020-02-06
4562569|1091|2020-02-06
4563233|1062|2020-02-06
4564258|1099|2020-02-06
4570949|1017|2020-02-08
4571476|1042|2020-02-09
4572376|1100|2020-02-09
4572659|1007|2020-02-09
4573629|1080|2020-02-09
4575268|1006|2020-02-10
4582245|1090|2020-02-12
4589964|1031|2020-02-14
4590086|1044|2020-02-14
4590168|1034|2020-02-14
4591076|1073|2020-02-14
4591675|1096|2020-02-15
4596103|1066|2020-02-16
4597289|1039|2020-02-16
4598050|1048|2020-02-16
4598565|1074|2020-02-17
4600471|1006|2020-02-17
4602810|1012|2020-02-18
4604841|1088|2020-02-19
4606669|1023|2020-02-19
4608023|1093|2020-02-19
4609500|1003|2020-02-20
4611100|1019|2020-02-20
4613895|1078|2020-02-21
4622895|1015|2020-02-24
4628785|1082|2020-02-26
4629477|1018|2020-02-26
4635221|1047|2020-02-28
4637783|1096|2020-02-28
4638222|1030|2020-02-29
4638937|1057|2020-02-29
4640985|1094|2020-02-29
4642974|1028|2020-03-01
4646651|1072|2020-03-02
4648350|1054|2020-03-03
4650298|1078|2020-03-03
4654226|1074|2020-03-04
4658856|1098|2020-03-06
4660420|1084|2020-03-06
4665163|1076|2020-03-07
4674163|1010|2020-03-10
4675156|1064|2020-03-10
4676792|1018|2020-03-11
4677450|1083|2020-03-11
4684879|1082|2020-03-13
4685844|1019|2020-03-14
4685937|1087|2020-03-14
4687816|1070|2020-03-14
4692495|1014|2020-03-16
4696609|1000|2020-03-17
4701213|1070|2020-03-18
4701476|1049|2020-03-18
4701482|1062|2020-03-18
4710200|1002|2020-03-21
4710274|1037|2020-03-21
4712294|1056|2020-03-21
4717080|1022|2020-03-23
4717152|1044|2020-03-23
4718965|1031|2020-03-23
4720244|1009|2020-03-24
4721894|1029|2020-03-24
4731279|1026|2020-03-27
4732113|1024|2020-03-27
4739396|1040|2020-03-29
4744520|1000|2020-03-31
4746537|1072|2020-04-01
4749641|1061|2020-04-01
4750641|1056|2020-04-02
4751968|1031|2020-04-02
4756347|1091|2020-04-03
4756403|1002|2020-04-03
4759752|1004|2020-04-04
4760288|1063|2020-04-05
4760315|1077|2020-04-05
4761337|1061|2020-04-05
4769556|1022|2020-04-07
4771996|1010|2020-04-08
4772760|1096|2020-04-08
4773453|1018|2020-04-08
4774842|1044|2020-04-09
4779965|1082|2020-04-10
4785591|1058|2020-04-12
4786118|1012|2020-04-12
4788270|1066|2020-04-13
4791195|1054|2020-04-14
4797885|1004|2020-04-16
4799278|1075|2020-04-16
4802705|1084|2020-04-17
4803004|1058|2020-04-17
4805033|1049|2020-04-18
4805141|1060|2020-04-18
4805877|1009|2020-04-18
4807055|1021|2020-04-18
4808472|1014|2020-04-19
4808626|1073|2020-04-19
4809551|1061|2020-04-19
4813396|1021|2020-04-20
4823521|1013|2020-04-23
4823824|1043|2020-04-23
4825890|1093|2020-04-24
4828149|1020|2020-04-24
4828388|1010|2020-04-24
4828419|1041|2020-04-24
4837473|1079|2020-04-27
4839253|1024|2020-04-28
4842222|1084|2020-04-28
4845928|1100|2020-04-29
4847966|1061|2020-04-30
4857189|1053|2020-05-03
4857388|1069|2020-05-03
4860163|1083|2020-05-03
4860346|1010|2020-05-04
4864609|1066|2020-05-05
4866333|1078|2020-05-05
4868313|1007|2020-05-06
4871469|1081|2020-05-07
4873799|1034|2020-05-07
4873936|1017|2020-05-07
4884954|1044|2020-05-10
4886826|1091|2020-05-11
4888044|1060|2020-05-11
4888186|1064|2020-05-11
4888806|1086|2020-05-12
4889873|1016|2020-05-12
4898422|1082|2020-05-14
4903234|1096|2020-05-16
4907751|1013|2020-05-17
4908980|1081|2020-05-17
4909525|1087|2020-05-17
4910567|1040|2020-05-18
4912166|1031|2020-05-18
4912285|1016|2020-05-18
4919127|1089|2020-05-20
4919221|1079|2020-05-20
4919984|1064|2020-05-20
4924128|1035|2020-05-21
4928016|1033|2020-05-23
4928282|1093|2020-05-23
4932796|1007|2020-05-24
4935671|1030|2020-05-25
4936306|1092|2020-05-25
4938259|1036|2020-05-25
4939916|1051|2020-05-26
4943828|1096|2020-05-27
4944870|1074|2020-05-27
4951840|1021|2020-05-29
4952780|1008|2020-05-30
4953152|1016|2020-05-30
4953696|1031|2020-05-30
4954109|1086|2020-05-30
4954155|1047|2020-05-30
4954311|1082|2020-05-30
4954556|1050|2020-05-30
4955480|1028|2020-05-30
4964615|1017|2020-06-02
4965723|1025|2020-06-02
4967199|1009|2020-06-03
4968258|1084|2020-06-03
4968338|1074|2020-06-03
4977115|1080|2020-06-05
4978875|1042|2020-06-06
4979009|1024|2020-06-06
4981802|1052|2020-06-07
4982675|1022|2020-06-07
4986056|1085|2020-06-08
4992842|1094|2020-06-10
5001287|1033|2020-06-12
5002236|1061|2020-06-12
5007396|1028|2020-06-14
5008728|1002|2020-06-14
5010009|1047|2020-06-15
5010242|1054|2020-06-15
5010449|1008|2020-06-15
5010876|1018|2020-06-15
5013442|1085|2020-06-16
5014839|1031|2020-06-16
5018713|1043|2020-06-17
5019201|1045|2020-06-17
5022689|1038|2020-06-18
5023039|1073|2020-06-18
5026069|1047|2020-06-19
5027656|1093|2020-06-20
5028967|1045|2020-06-20
5031771|1004|2020-06-21
5033160|1071|2020-06-21
5044033|1005|2020-06-24
5056512|1058|2020-06-27
5060960|1035|2020-06-29
5062305|1023|2020-06-29
5062459|1001|2020-06-29
5062787|1084|2020-06-29
5065004|1026|2020-06-30
5065368|1057|2020-06-30
5076471|1046|2020-07-03
5077127|1070|2020-07-03
5079099|1061|2020-07-04
5081076|1036|2020-07-04
5083786|1004|2020-07-05
5085925|1092|2020-07-05
5094809|1012|2020-07-08
5098818|1017|2020-07-09
5099082|1015|2020-07-09
5104439|1046|2020-07-10
5105941|1036|2020-07-11
5106311|1008|2020-07-11
5112297|1018|2020-07-13
5115130|1060|2020-07-13
5116822|1082|2020-07-14
5117730|1033|2020-07-14
5118581|1024|2020-07-14
5121829|1093|2020-07-15
5123469|1016|2020-07-16
5125345|1029|2020-07-16
5126136|1010|2020-07-16
5126186|1007|2020-07-16
5127623|1094|2020-07-17
5127914|1024|2020-07-17
5129926|1060|2020-07-17
5131548|1059|2020-07-18
5131873|1087|2020-07-18
5132730|1004|2020-07-18
5135288|1068|2020-07-19
5136727|1037|2020-07-19
5138678|1061|2020-07-20
5139819|1099|2020-07-20
5142723|1048|2020-07-21
5144329|1000|2020-07-21
5146129|1042|2020-07-22
5147099|1000|2020-07-22
5147314|1013|2020-07-22
5149101|1032|2020-07-23
5149399|1049|2020-07-23
5151670|1053|2020-07-23
5151968|1053|2020-07-23
5155203|1008|2020-07-24
5158535|1079|2020-07-25
5162453|1001|2020-07-26
5163153|1000|2020-07-26
5174404|1068|2020-07-29
5175853|1078|2020-07-30
5176509|1049|2020-07-30
5177432|1013|2020-07-30
5179551|1073|2020-07-31
5186692|1038|2020-08-02
5189617|1057|2020-08-03
5191862|1086|2020-08-03
5193004|1008|2020-08-03
5193643|1010|2020-08-04
5195155|1082|2020-08-04
5197763|1021|2020-08-05
5198095|1090|2020-08-05
5199329|1098|2020-08-05
5199823|1075|2020-08-05
5199922|1082|2020-08-05
5201668|1068|2020-08-06
5206505|1019|2020-08-07
5208910|1061|2020-08-08
5211665|1029|2020-08-08
5214843|1014|2020-08-09
5216609|1015|2020-08-10
5219956|1081|2020-08-11
5223729|1078|2020-08-12
5225302|1072|2020-08-12
5225818|1032|2020-08-12
5227987|1076|2020-08-13
5228421|1042|2020-08-13
5231600|1038|2020-08-14
5236472|1092|2020-08-15
5248457|1064|2020-08-18
5249752|1019|2020-08-18
5250791|1033|2020-08-19
5251484|1039|2020-08-19
5251633|1021|2020-08-19
5253226|1005|2020-08-19
5253522|1007|2020-08-19
5255098|1074|2020-08-20
5259252|1092|2020-08-21
5260173|1003|2020-08-21
5264804|1019|2020-08-22
5265259|1080|2020-08-23
5266512|1076|2020-08-23
5271942|1020|2020-08-24
5273258|1083|2020-08-25
5274615|1022|2020-08-25
5276809|1031|2020-08-26
5277003|1014|2020-08-26
5281871|1061|2020-08-27
5283402|1031|2020-08-27
5286261|1098|2020-08-28
5288357|1069|2020-08-29
5300000|1010|2020-09-01
5301130|1042|2020-09-01
5302591|1089|2020-09-01
5304447|1084|2020-09-02
5307470|1051|2020-09-03
5312143|1068|2020-09-04
5312421|1094|2020-09-04
5314402|1032|2020-09-04
5314612|1045|2020-09-05
5317389|1094|2020-09-05
5321153|1022|2020-09-06
5324073|1044|2020-09-07
5324374|1038|2020-09-07
5325564|1093|2020-09-07
5325757|1087|2020-09-07
5327824|1050|2020-09-08
5330110|1052|2020-09-09
5332475|1024|2020-09-09
5337464|1002|2020-09-10
5339444|1034|2020-09-11
5339623|1087|2020-09-11
5341170|1100|2020-09-11
5342943|1084|2020-09-12
5345811|1084|2020-09-13
5346321|1016|2020-09-13
5346356|1079|2020-09-13
5356480|1054|2020-09-15
5357615|1021|2020-09-16
5360310|1087|2020-09-16
5360948|1004|2020-09-17
5362484|1000|2020-09-17
5364539|1090|2020-09-17
5365738|1059|2020-09-18
5367272|1065|2020-09-18
5370978|1046|2020-09-19
5371749|1068|2020-09-19
5375469|1022|2020-09-20
5380591|1009|2020-09-22
5380862|1064|2020-09-22
5388451|1029|2020-09-24
5389192|1100|2020-09-24
5389633|1075|2020-09-24
5389871|1016|2020-09-24
5390671|1027|2020-09-24
5392381|1042|2020-09-25
5393812|1009|2020-09-25
5396775|1080|2020-09-26
5399760|1038|2020-09-26
5401212|1077|2020-09-27
5401954|1044|2020-09-27
5404728|1028|2020-09-28
5405311|1009|2020-09-28
5412986|1078|2020-09-30
5413590|1072|2020-09-30
5414459|1013|2020-09-30
5415064|1043|2020-09-30
5415313|1048|2020-09-30
5417443|1057|2020-10-01
5423823|1001|2020-10-03
5425186|1054|2020-10-03
5425725|1014|2020-10-03
5425774|1081|2020-10-03
5427047|1003|2020-10-03
5435160|1001|2020-10-06
5436310|1024|2020-10-06
5436384|1041|2020-10-06
5436525|1057|2020-10-06
5439024|1053|2020-10-07
5440767|1078|2020-10-07
5441349|1048|2020-10-07
5445345|1076|2020-10-08
5446231|1090|2020-10-08
5446386|1067|2020-10-08
5449196|1065|2020-10-09
5451410|1093|2020-10-10
5455963|1006|2020-10-11
5456947|1038|2020-10-11
5458335|1092|2020-10-11
5461853|1067|2020-10-12
5467956|1030|2020-10-14
5468223|1078|2020-10-14
5471032|1077|2020-10-15
5471266|1083|2020-10-15
5471779|1100|2020-10-15
5475093|1004|2020-10-16
5476188|1034|2020-10-16
5476227|1079|2020-10-16
5478073|1094|2020-10-16
5479264|1031|2020-10-17
5480755|1080|2020-10-17
5481790|1069|2020-10-17
5486339|1060|2020-10-19
5486433|1074|2020-10-19
5487481|1003|2020-10-19
5489241|1017|2020-10-19
5490172|1057|2020-10-20
5490899|1004|2020-10-20
5491555|1069|2020-10-20
5492060|1004|2020-10-20
5495385|1046|2020-10-21
5495549|1092|2020-10-21
5498495|1048|2020-10-22
5500025|1061|2020-10-22
5503579|1006|2020-10-23
5504967|1059|2020-10-23
5505319|1024|2020-10-23
5506262|1049|2020-10-24
5509302|1016|2020-10-24
5511579|1018|2020-10-25
5515513|1067|2020-10-26
5526078|1026|2020-10-28
5540764|1099|2020-11-01
5542271|1020|2020-11-02
5544607|1074|2020-11-02
5544873|1043|2020-11-02
5550653|1071|2020-11-04
5553949|1045|2020-11-04
5554183|1000|2020-11-05
5563763|1040|2020-11-07
5566796|1035|2020-11-08
5570990|1059|2020-11-09
5571660|1008|2020-11-09
5573054|1075|2020-11-09
5574192|1040|2020-11-09
5576143|1000|2020-11-10
5578730|1043|2020-11-11
5579280|1030|2020-11-11
5579953|1011|2020-11-11
5580366|1012|2020-11-11
5582586|1048|2020-11-12
5586393|1002|2020-11-13
5588355|1056|2020-11-13
5594345|1008|2020-11-15
5594398|1099|2020-11-15
5594460|1003|2020-11-15
5594846|1038|2020-11-15
5597424|1084|2020-11-15
5597755|1011|2020-11-15
5603276|1042|2020-11-17
5607426|1065|2020-11-18
5610748|1009|2020-11-19
5611460|1067|2020-11-19
5611752|1070|2020-11-19
5612626|1017|2020-11-19
5617388|1006|2020-11-20
5627795|1028|2020-11-23
5628206|1031|2020-11-23
5629062|1029|2020-11-23
5630877|1054|2020-11-23
5636128|1004|2020-11-25
5642147|1008|2020-11-26
5643019|1011|2020-11-26
5643900|1026|2020-11-27
5646163|1078|2020-11-27
5649280|1050|2020-11-28
5652782|1082|2020-11-29
5654135|1016|2020-11-29
5656312|1026|2020-11-30
5660225|1041|2020-12-01
5662091|1051|2020-12-01
5663854|1038|2020-12-02
5666355|1073|2020-12-02
5667189|1079|2020-12-02
5672328|1012|2020-12-04
5678138|1082|2020-12-05
5681050|1037|2020-12-06
5683695|1011|2020-12-06
5683847|1052|2020-12-06
5691893|1088|2020-12-08
5692245|1072|2020-12-09
5693569|1061|2020-12-09
5693976|1086|2020-12-09
5695608|1060|2020-12-09
5700855|1034|2020-12-11
5702682|1100|2020-12-11
5703295|1010|2020-12-11
5704492|1092|2020-12-12
5708282|1067|2020-12-12
5710541|1094|2020-12-13
5710553|1015|2020-12-13
5712222|1016|2020-12-13
5718112|1026|2020-12-15
5724624|1013|2020-12-16
5731963|1030|2020-12-18
5732303|1073|2020-12-18
5733307|1016|2020-12-19
5738050|1057|2020-12-20
5740264|1074|2020-12-20
5740743|1060|2020-12-20
5743116|1044|2020-12-21
5744986|1094|2020-12-21
5752371|1076|2020-12-23
5753116|1050|2020-12-23
5754423|1043|2020-12-24
5755170|1046|2020-12-24
5757024|1083|2020-12-24
5766233|1027|2020-12-26
5767382|1085|2020-12-27
5772497|1012|2020-12-28
5777906|1013|2020-12-29
5780117|1038|2020-12-30
5780935|1069|2020-12-30
5781194|1067|2020-12-30
5781644|1022|2020-12-30
5784007|1037|2020-12-31
5790097|1069|2021-01-01
5791081|1008|2021-01-01
5799539|1083|2021-01-03
5803817|1014|2021-01-04
5807758|1040|2021-01-05
5808365|1061|2021-01-05
5808801|1093|2021-01-06
5809329|1001|2021-01-06
5814604|1030|2021-01-07
5817195|1035|2021-01-08
5824538|1050|2021-01-09
5825773|1075|2021-01-10
5827721|1004|2021-01-10
5829029|1068|2021-01-10
5835629|1021|2021-01-12
5836540|1051|2021-01-12
5838262|1067|2021-01-13
5844624|1032|2021-01-14
5844885|1083|2021-01-14
5848579|1054|2021-01-15
5859152|1087|2021-01-18
5867040|1036|2021-01-19
5871106|1077|2021-01-20
5872633|1017|2021-01-21
5875760|1078|2021-01-22
5879153|1012|2021-01-22
5882264|1071|2021-01-23
5883330|1014|2021-01-23
5883911|1069|2021-01-23
5884466|1077|2021-01-24
5886626|1087|2021-01-24
5887187|1077|2021-01-24
5887853|1087|2021-01-24
5888201|1039|2021-01-24
5888721|1018|2021-01-25
5889975|1050|2021-01-25
5891249|1021|2021-01-25
5891387|1034|2021-01-25
5893026|1010|2021-01-26
5893974|1084|2021-01-26
5894184|1098|2021-01-26
5900931|1031|2021-01-27
5901649|1002|2021-01-28
5902732|1066|2021-01-28
5903474|1029|2021-01-28
5910202|1084|2021-01-30
5911620|1067|2021-01-30
5911642|1061|2021-01-30
5912359|1030|2021-01-30
5914108|1100|2021-01-30
5933937|1093|2021-02-04
5933991|1078|2021-02-04
5942441|1046|2021-02-06
5942827|1049|2021-02-06
5943589|1074|2021-02-06
5948107|1024|2021-02-07
5954179|1082|2021-02-09
5955736|1038|2021-02-09
5956299|1006|2021-02-09
5956936|1098|2021-02-09
5957640|1036|2021-02-10
5957869|1071|2021-02-10
5965354|1007|2021-02-11
5965464|1018|2021-02-11
5966707|1020|2021-02-12
5968788|1062|2021-02-12
5974165|1099|2021-02-13
5975058|1091|2021-02-14
5976934|1016|2021-02-14
5984921|1087|2021-02-16
5985397|1064|2021-02-16
5987023|1096|2021-02-16
5987264|1038|2021-02-16
5992170|1018|2021-02-18
5993041|1060|2021-02-18
5998946|1027|2021-02-19
5999002|1043|2021-02-19
6003157|1067|2021-02-20
6004297|1023|2021-02-20
6004968|1000|2021-02-21
6011268|1004|2021-02-22
6012253|1011|2021-02-22
6020374|1047|2021-02-24
6025120|1036|2021-02-25
6025218|1023|2021-02-25
6028026|1017|2021-02-26
6028134|1068|2021-02-26
6030259|1017|2021-02-26
6033931|1080|2021-02-27
6041396|1009|2021-03-01
6044757|1050|2021-03-02
6045542|1006|2021-03-02
6046078|1063|2021-03-02
6050826|1088|2021-03-03
6053119|1026|2021-03-04
6054987|1093|2021-03-04
6057868|1044|2021-03-05
6058324|1000|2021-03-05
6060434|1088|2021-03-05
6062544|1046|2021-03-06
6063983|1018|2021-03-06
6064340|1053|2021-03-06
6070343|1067|2021-03-07
6070936|1045|2021-03-08
6073672|1087|2021-03-08
6076701|1030|2021-03-09
6081548|1023|2021-03-10
6082011|1024|2021-03-10
6082800|1083|2021-03-10
6083051|1078|2021-03-10
6086945|1037|2021-03-11
6088011|1060|2021-03-11
6090045|1029|2021-03-12
6092663|1001|2021-03-12
6092912|1035|2021-03-13
6096956|1049|2021-03-13
6096992|1094|2021-03-13
6097128|1027|2021-03-13
6097181|1045|2021-03-13
6104334|1057|2021-03-15
6107845|1096|2021-03-16
6109772|1047|2021-03-16
6112495|1100|2021-03-17
6117807|1070|2021-03-18
6117874|1071|2021-03-18
6126287|1063|2021-03-20
6126715|1096|2021-03-20
6126784|1042|2021-03-20
6127131|1091|2021-03-20
6129698|1015|2021-03-21
6129953|1007|2021-03-21
6130438|1080|2021-03-21
6132568|1040|2021-03-21
6134976|1093|2021-03-22
6134983|1004|2021-03-22
6137622|1014|2021-03-23
6139453|1095|2021-03-23
6140276|1027|2021-03-23
6140538|1049|2021-03-23
6150077|1052|2021-03-25
6152860|1089|2021-03-26
6157408|1090|2021-03-27
6157754|1017|2021-03-27
6158594|1002|2021-03-27
6158842|1075|2021-03-27
6159962|1051|2021-03-27
6161055|1006|2021-03-28
6161826|1075|2021-03-28
6166404|1041|2021-03-29
6167127|1011|2021-03-29
6178961|1019|2021-04-01
6182287|1085|2021-04-01
6183268|1020|2021-04-02
6186304|1015|2021-04-02
6187259|1004|2021-04-03
6188273|1096|2021-04-03
6189334|1068|2021-04-03
6195220|1023|2021-04-04
6196220|1079|2021-04-05
6198426|1069|2021-04-05
6203725|1029|2021-04-06
6211168|1061|2021-04-08
6211356|1025|2021-04-08
6213720|1062|2021-04-08
6213980|1016|2021-04-09
6215944|1094|2021-04-09
6216070|1083|2021-04-09
6221902|1020|2021-04-10
6222131|1041|2021-04-10
6225472|1029|2021-04-11
6225509|1042|2021-04-11
6229391|1091|2021-04-12
6230195|1032|2021-04-12
6232825|1084|2021-04-13
6234074|1095|2021-04-13
6239345|1073|2021-04-14
6241629|1077|2021-04-15
6244359|1008|2021-04-15
6244619|1084|2021-04-15
6245768|1023|2021-04-16
6245938|1047|2021-04-16
6247194|1016|2021-04-16
6247731|1001|2021-04-16
6250811|1074|2021-04-17
6252318|1025|2021-04-17
6253597|1031|2021-04-17
6254590|1060|2021-04-17
6258174|1069|2021-04-18
6260900|1023|2021-04-19
6264820|1048|2021-04-20
6269807|1093|2021-04-21
6271387|1052|2021-04-21
6271522|1014|2021-04-21
6273103|1096|2021-04-22
6274273|1059|2021-04-22
6275907|1087|2021-04-22
6276756|1038|2021-04-22
6278261|1042|2021-04-23
6279597|1038|2021-04-23
6282687|1098|2021-04-24
6285926|1018|2021-04-24
6286501|1027|2021-04-25
6287732|1000|2021-04-25
6288830|1041|2021-04-25
6290576|1086|2021-04-25
6291649|1096|2021-04-26
6292826|1074|2021-04-26
6292982|1068|2021-04-26
6293283|1067|2021-04-26
6293855|1007|2021-04-26
6296351|1030|2021-04-27
6298420|1000|2021-04-27
6301052|1020|2021-04-28
6301257|1064|2021-04-28
6303341|1033|2021-04-28
6304843|1077|2021-04-29
6310117|1065|2021-04-30
6310496|1035|2021-04-30
6317029|1072|2021-05-01
6321082|1064|2021-05-02
6322323|1066|2021-05-02
6322646|1020|2021-05-02
6323493|1024|2021-05-03
6324228|1093|2021-05-03
6325004|1013|2021-05-03
6327772|1050|2021-05-04
6328318|1021|2021-05-04
6332652|1075|2021-05-05
6335133|1080|2021-05-05
6341127|1034|2021-05-06
6350917|1017|2021-05-09
6354012|1087|2021-05-09
6356353|1009|2021-05-10
6362944|1050|2021-05-11
6366300|1064|2021-05-12
6367636|1072|2021-05-12
6370369|1042|2021-05-13
6370628|1086|2021-05-13
6370686|1061|2021-05-13
6372217|1039|2021-05-13
6373863|1069|2021-05-13
6376445|1004|2021-05-14
6376843|1099|2021-05-14
6377278|1013|2021-05-14
6378207|1032|2021-05-14
6378594|1100|2021-05-14
6379068|1052|2021-05-15
6381621|1044|2021-05-15
6382447|1075|2021-05-15
6383034|1076|2021-05-15
6385592|1052|2021-05-16
6389000|1008|2021-05-17
6390579|1044|2021-05-17
6392574|1007|2021-05-17
6392655|1030|2021-05-17
6393161|1059|2021-05-18
6399145|1058|2021-05-19
6400587|1031|2021-05-19
6405935|1044|2021-05-20
6406435|1084|2021-05-20
6410837|1038|2021-05-21
6411232|1063|2021-05-21
6414257|1099|2021-05-22
6414858|1098|2021-05-22
6420052|1068|2021-05-23
6421539|1035|2021-05-24
6427653|1026|2021-05-25
6429591|1044|2021-05-25
6429727|1095|2021-05-25
6433114|1033|2021-05-26
6435909|1051|2021-05-27
6436936|1092|2021-05-27
6438554|1041|2021-05-27
6440443|1087|2021-05-28
6440915|1019|2021-05-28
6442066|1041|2021-05-28
6443143|1061|2021-05-28
6443348|1088|2021-05-28
6445023|1072|2021-05-29
6445471|1096|2021-05-29
6447663|1046|2021-05-29
6451022|1088|2021-05-30
6451658|1062|2021-05-30
6453774|1088|2021-05-30
6454526|1049|2021-05-31
6458500|1005|2021-05-31
6460950|1069|2021-06-01
6468267|1076|2021-06-02
6469835|1098|2021-06-03
6475636|1072|2021-06-04
6480639|1022|2021-06-05
6481961|1038|2021-06-05
6483122|1056|2021-06-05
6485158|1061|2021-06-06
6488120|1089|2021-06-07
6491637|1098|2021-06-07
6492106|1044|2021-06-07
6494131|1091|2021-06-08
6494235|1057|2021-06-08
6496047|1052|2021-06-08
6498464|1095|2021-06-09
6498919|1017|2021-06-09
6499404|1032|2021-06-09
6501606|1001|2021-06-09
6509062|1010|2021-06-11
6509075|1095|2021-06-11
6509309|1035|2021-06-11
6512577|1029|2021-06-12
6523058|1100|2021-06-14
6523191|1047|2021-06-14
6530897|1016|2021-06-16
6532781|1007|2021-06-16
6533911|1048|2021-06-16
6534375|1100|2021-06-16
6535345|1017|2021-06-16
6537585|1100|2021-06-17
6537826|1030|2021-06-17
6545718|1087|2021-06-19
6546106|1011|2021-06-19
6547142|1090|2021-06-19
6547232|1040|2021-06-19
6550265|1044|2021-06-20
6553124|1008|2021-06-20
6555024|1094|2021-06-21
6556087|1016|2021-06-21
6556540|1079|2021-06-21
6557136|1081|2021-06-21
6559764|1008|2021-06-22
6563421|1088|2021-06-22
6572329|1025|2021-06-24
6575423|1035|2021-06-25
6575752|1008|2021-06-25
6576416|1036|2021-06-25
6583555|1085|2021-06-26
6587065|1044|2021-06-27
6590819|1012|2021-06-28
6591573|1028|2021-06-28
6593378|1046|2021-06-28
6594615|1019|2021-06-29
6598786|1000|2021-06-30
6601299|1024|2021-06-30
6605901|1075|2021-07-01
6615764|1081|2021-07-03
6618070|1092|2021-07-04
6618445|1061|2021-07-04
6621092|1096|2021-07-04
6621222|1015|2021-07-04
6625402|1034|2021-07-05
6628169|1080|2021-07-06
6628610|1089|2021-07-06
6629313|1013|2021-07-06
6629532|1066|2021-07-06
6630822|1037|2021-07-06
6635220|1041|2021-07-07
6638759|1030|2021-07-08
6642682|1051|2021-07-09
6645521|1089|2021-07-09
6648996|1024|2021-07-10
6649597|1092|2021-07-10
6650046|1015|2021-07-10
6650464|1031|2021-07-10
6650984|1020|2021-07-10
6654849|1035|2021-07-11
6655086|1008|2021-07-11
6660366|1082|2021-07-12
6661325|1044|2021-07-12
6664055|1091|2021-07-13
6664761|1023|2021-07-13
6664803|1053|2021-07-13
6665352|1031|2021-07-13
6666579|1084|2021-07-14
6666950|1025|2021-07-14
6667434|1063|2021-07-14
6667820|1091|2021-07-14
6668210|1031|2021-07-14
6670763|1005|2021-07-14
6671094|1007|2021-07-14
6672292|1053|2021-07-15
6673001|1085|2021-07-15
6673120|1082|2021-07-15
6675073|1041|2021-07-15
6679062|1069|2021-07-16
6688931|1082|2021-07-18
6689167|1007|2021-07-18
6690192|1033|2021-07-18
6690380|1036|2021-07-18
6690581|1014|2021-07-18
6697859|1083|2021-07-20
6699409|1052|2021-07-20
6701227|1056|2021-07-21
6705410|1093|2021-07-21
6705632|1014|2021-07-21
6718947|1022|2021-07-24
6721389|1039|2021-07-25
6723540|1018|2021-07-25
6724262|1069|2021-07-25
6724576|1015|2021-07-25
6728333|1001|2021-07-26
6728548|1025|2021-07-26
6728741|1008|2021-07-26
6732259|1069|2021-07-27
6732659|1040|2021-07-27
6735895|1031|2021-07-28
6736889|1093|2021-07-28
6738139|1039|2021-07-28
6738719|1054|2021-07-28
6739090|1011|2021-07-28
6742641|1042|2021-07-29
6745006|1051|2021-07-29
6748025|1027|2021-07-30
6748755|1067|2021-07-30
6754836|1093|2021-07-31
6754850|1079|2021-07-31
6755000|1100|2021-07-31
6755120|1035|2021-07-31
6757074|1063|2021-08-01
6761733|1098|2021-08-02
6765865|1034|2021-08-03
6766468|1084|2021-08-03
6766814|1008|2021-08-03
6767996|1063|2021-08-03
6769440|1039|2021-08-03
6769703|1041|2021-08-03
6769977|1099|2021-08-03
6777648|1064|2021-08-05
6789653|1027|2021-08-07
6789879|1080|2021-08-07
6790465|1039|2021-08-07
6790542|1082|2021-08-07
6791376|1012|2021-08-08
6795476|1021|2021-08-08
6797203|1053|2021-08-09
6801206|1057|2021-08-09
6809750|1035|2021-08-11
6810087|1010|2021-08-11
6811349|1078|2021-08-11
6811993|1065|2021-08-12
6812661|1024|2021-08-12
6815527|1076|2021-08-12
6822917|1061|2021-08-14
6825729|1089|2021-08-14
6828882|1082|2021-08-15
6845409|1054|2021-08-18
6847320|1080|2021-08-19
6847926|1090|2021-08-19
6849479|1095|2021-08-19
6850963|1008|2021-08-19
6859020|1096|2021-08-21
6862549|1025|2021-08-22
6865426|1081|2021-08-22
6866196|1003|2021-08-22
6866907|1059|2021-08-22
6868751|1046|2021-08-23
6875858|1049|2021-08-24
6876105|1071|2021-08-24
6877802|1081|2021-08-25
6880351|1018|2021-08-25
6883888|1085|2021-08-26
6884518|1036|2021-08-26
6884750|1051|2021-08-26
6887862|1054|2021-08-27
6891954|1080|2021-08-27
6903568|1046|2021-08-30
6903808|1006|2021-08-30
6907760|1100|2021-08-30
6912067|1030|2021-08-31
6912246|1083|2021-08-31
6917878|1048|2021-09-01
6923307|1059|2021-09-02
6924135|1027|2021-09-03
6924893|1099|2021-09-03
6925505|1016|2021-09-03
6925861|1081|2021-09-03
6926777|1072|2021-09-03
6927818|1003|2021-09-03
6930224|1036|2021-09-04
6930247|1090|2021-09-04
6930904|1078|2021-09-04
6935256|1048|2021-09-05
6937427|1007|2021-09-05
6939453|1036|2021-09-06
6941092|1099|2021-09-06
6944310|1073|2021-09-06
6944722|1015|2021-09-07
6948931|1060|2021-09-07
6949229|1001|2021-09-07
6950542|1036|2021-09-08
6953406|1071|2021-09-08
6955407|1047|2021-09-09
6956630|1037|2021-09-09
6959720|1057|2021-09-09
6961256|1078|2021-09-10
6963133|1060|2021-09-10
6964017|1033|2021-09-10
6964520|1069|2021-09-10
6965526|1070|2021-09-10
6970667|1009|2021-09-11
6974810|1059|2021-09-12
6977134|1077|2021-09-13
6978908|1073|2021-09-13
6980291|1037|2021-09-13
6981242|1090|2021-09-14
6982460|1066|2021-09-14
6982774|1007|2021-09-14
6983587|1044|2021-09-14
6983883|1065|2021-09-14
6983902|1006|2021-09-14
6984670|1065|2021-09-14
6987507|1058|2021-09-15
6989000|1004|2021-09-15
6990422|1042|2021-09-15
6991472|1041|2021-09-15
6993685|1090|2021-09-16
6994139|1014|2021-09-16
6994647|1009|2021-09-16
6996318|1061|2021-09-16
6997718|1040|2021-09-17
7001164|1040|2021-09-17
7006912|1080|2021-09-18
7007947|1009|2021-09-19
7008252|1028|2021-09-19
7008345|1080|2021-09-19
7008751|1095|2021-09-19
7009059|1078|2021-09-19
7009874|1049|2021-09-19
7014276|1088|2021-09-20
7017266|1085|2021-09-20
7019085|1050|2021-09-21
7020848|1082|2021-09-21
7023882|1024|2021-09-22
7027460|1093|2021-09-22
7029198|1024|2021-09-23
7030165|1064|2021-09-23
7030517|1033|2021-09-23
7030521|1079|2021-09-23
7031175|1069|2021-09-23
7031964|1044|2021-09-23
7033452|1057|2021-09-23
7038757|1074|2021-09-24
7048694|1040|2021-09-26
7050908|1064|2021-09-27
7054559|1051|2021-09-27
7056458|1014|2021-09-28
7057757|1098|2021-09-28
7060135|1052|2021-09-28
7061227|1078|2021-09-29
7061521|1047|2021-09-29
7062811|1015|2021-09-29
7065148|1003|2021-09-29
7065349|1087|2021-09-29
7065997|1046|2021-09-30
7067503|1084|2021-09-30
7073526|1040|2021-10-01
7073750|1020|2021-10-01
7076751|1064|2021-10-02
7081008|1004|2021-10-02
7083382|1017|2021-10-03
7084348|1081|2021-10-03
7086801|1069|2021-10-04
7088272|1062|2021-10-04
7089735|1095|2021-10-04
7089801|1025|2021-10-04
7092519|1069|2021-10-05
7094416|1062|2021-10-05
7098419|1064|2021-10-06
7100490|1079|2021-10-06
7105040|1084|2021-10-07
7107708|1043|2021-10-07
7114539|1026|2021-10-09
7115937|1030|2021-10-09
7116817|1053|2021-10-09
7117399|1068|2021-10-09
7127211|1014|2021-10-11
7132335|1052|2021-10-12
7133966|1041|2021-10-12
7138256|1096|2021-10-13
7144284|1050|2021-10-14
7144525|1007|2021-10-14
7144708|1015|2021-10-14
7152168|1086|2021-10-16
7152218|1060|2021-10-16
7154356|1048|2021-10-16
7155323|1044|2021-10-16
7159601|1031|2021-10-17
7161090|1024|2021-10-17
7162123|1024|2021-10-18
7162803|1002|2021-10-18
7162916|1012|2021-10-18
7165431|1023|2021-10-18
7169531|1005|2021-10-19
7177552|1079|2021-10-20
7179491|1022|2021-10-21
7182130|1032|2021-10-21
7182611|1017|2021-10-21
7186440|1089|2021-10-22
7201730|1045|2021-10-25
7211127|1005|2021-10-26
7212487|1098|2021-10-27
7213064|1079|2021-10-27
7221507|1085|2021-10-28
7222106|1005|2021-10-28
7222586|1041|2021-10-29
7226473|1073|2021-10-29
7227146|1027|2021-10-29
7228608|1007|2021-10-30
7229311|1017|2021-10-30
7233412|1078|2021-10-30
7238798|1010|2021-10-31
7239031|1045|2021-11-01
7240011|1020|2021-11-01
7240551|1079|2021-11-01
7241025|1035|2021-11-01
7242362|1028|2021-11-01
7242534|1050|2021-11-01
7243917|1050|2021-11-01
7245105|1029|2021-11-02
7246775|1075|2021-11-02
7247511|1045|2021-11-02
7251985|1034|2021-11-03
7254662|1081|2021-11-03
7258305|1076|2021-11-04
7258882|1096|2021-11-04
7259999|1098|2021-11-04
7266542|1008|2021-11-06
7266642|1010|2021-11-06
7268732|1053|2021-11-06
7269322|1052|2021-11-06
7273644|1059|2021-11-07
7285172|1066|2021-11-09
7285979|1085|2021-11-09
7288583|1012|2021-11-10
7290740|1069|2021-11-10
7292709|1026|2021-11-10
7296784|1059|2021-11-11
7298053|1095|2021-11-11
7310922|1085|2021-11-14
7315891|1072|2021-11-14
7318140|1081|2021-11-15
7318451|1030|2021-11-15
7318882|1051|2021-11-15
7319360|1034|2021-11-15
7320177|1017|2021-11-15
7321689|1067|2021-11-15
7322745|1040|2021-11-16
7324049|1085|2021-11-16
7326591|1081|2021-11-16
7329851|1050|2021-11-17
7330688|1031|2021-11-17
7330737|1082|2021-11-17
7332536|1093|2021-11-17
7333784|1035|2021-11-18
7338490|1022|2021-11-18
7338777|1028|2021-11-18
7339863|1005|2021-11-19
7341196|1013|2021-11-19
7342035|1060|2021-11-19
7342885|1030|2021-11-19
7344625|1045|2021-11-20
7348935|1025|2021-11-20
7349159|1056|2021-11-20
7351976|1002|2021-11-21
7356889|1082|2021-11-22
7360201|1079|2021-11-22
7360245|1072|2021-11-22
7364785|1046|2021-11-23
7365857|1088|2021-11-23
7370973|1044|2021-11-24
7372989|1037|2021-11-25
7377015|1014|2021-11-25
7380449|1010|2021-11-26
7382549|1006|2021-11-26
7385414|1017|2021-11-27
7386490|1001|2021-11-27
7386685|1006|2021-11-27
7387513|1039|2021-11-27
7387579|1038|2021-11-27
7389216|1081|2021-11-27
7392617|1014|2021-11-28
7392648|1068|2021-11-28
7393006|1026|2021-11-28
7396384|1067|2021-11-29
7396808|1023|2021-11-29
7397599|1084|2021-11-29
7397628|1073|2021-11-29
7403238|1010|2021-11-30
7403754|1069|2021-11-30
7405584|1066|2021-11-30
7405848|1033|2021-11-30
7405977|1048|2021-11-30
7411822|1003|2021-12-01
7411845|1043|2021-12-01
7412940|1009|2021-12-02
7417054|1068|2021-12-02
7423304|1003|2021-12-03
7428241|1000|2021-12-04
7430958|1010|2021-12-05
7431103|1054|2021-12-05
7431656|1040|2021-12-05
7432808|1022|2021-12-05
7438868|1005|2021-12-06
7439229|1070|2021-12-06
7448235|1021|2021-12-08
7453103|1060|2021-12-09
7454327|1043|2021-12-09
7454644|1015|2021-12-09
7455049|1009|2021-12-09
7455846|1010|2021-12-09
7456000|1030|2021-12-09
7460424|1043|2021-12-10
7467010|1071|2021-12-11
7467168|1054|2021-12-11
7470549|1087|2021-12-12
7470656|1000|2021-12-12
7472704|1095|2021-12-12
7477804|1009|2021-12-13
7481058|1091|2021-12-13
7482964|1067|2021-12-14
7486105|1044|2021-12-14
7490938|1005|2021-12-15
7494050|1069|2021-12-16
7496394|1036|2021-12-16
7496422|1039|2021-12-16
7501458|1099|2021-12-17
7502863|1079|2021-12-17
7504770|1036|2021-12-18
7504804|1018|2021-12-18
7506691|1057|2021-12-18
7508736|1038|2021-12-18
7513769|1061|2021-12-19
7513824|1006|2021-12-19
7519941|1027|2021-12-20
7520362|1056|2021-12-20
7523334|1042|2021-12-21
7525271|1037|2021-12-21
7528445|1075|2021-12-22
7531454|1043|2021-12-22
7532092|1071|2021-12-22
7534381|1036|2021-12-23
7537058|1008|2021-12-23
7540723|1020|2021-12-24
7541968|1012|2021-12-24
7542851|1033|2021-12-24
7555070|1024|2021-12-26
7557269|1044|2021-12-27
7558326|1059|2021-12-27
7559131|1046|2021-12-27
7560830|1043|2021-12-27
7564522|1021|2021-12-28
7566173|1051|2021-12-28
7567555|1045|2021-12-28
7570625|1074|2021-12-29
7572040|1090|2021-12-29
7575558|1025|2021-12-30
7579225|1004|2021-12-30
7579961|1085|2021-12-30
7581972|1012|2021-12-31
7582654|1096|2021-12-31
7588625|1017|2022-01-01
7594022|1068|2022-01-02
7595531|1019|2022-01-02
7596641|1063|2022-01-02
7597703|1003|2022-01-03
7599294|1031|2022-01-03
7603843|1010|2022-01-04
7606161|1011|2022-01-04
7612813|1075|2022-01-05
7613515|1094|2022-01-05
7613829|1078|2022-01-05
7615919|1052|2022-01-06
7616021|1059|2022-01-06
7616690|1049|2022-01-06
7618078|1090|2022-01-06
7618728|1030|2022-01-06
7620979|1082|2022-01-06
7622970|1093|2022-01-07
7631740|1017|2022-01-08
7634815|1023|2022-01-09
7635623|1003|2022-01-09
7635809|1005|2022-01-09
7636924|1004|2022-01-09
7640681|1057|2022-01-10
7646793|1067|2022-01-11
7656584|1005|2022-01-12
7657068|1088|2022-01-12
7664769|1096|2022-01-14
7667783|1048|2022-01-14
7668639|1087|2022-01-14
7670994|1003|2022-01-15
7671621|1018|2022-01-15
7672415|1065|2022-01-15
7673544|1038|2022-01-15
7673975|1028|2022-01-15
7675019|1084|2022-01-15
7677272|1084|2022-01-16
7682087|1052|2022-01-17
7683539|1011|2022-01-17
7686366|1058|2022-01-17
7689955|1040|2022-01-18
7690375|1095|2022-01-18
7691232|1038|2022-01-18
7694180|1053|2022-01-19
7696515|1098|2022-01-19
7699637|1004|2022-01-20
7700779|1067|2022-01-20
7706005|1010|2022-01-21
7706380|1054|2022-01-21
7710588|1024|2022-01-21
7710905|1036|2022-01-21
7712900|1060|2022-01-22
7713230|1005|2022-01-22
7716388|1020|2022-01-22
7723292|1085|2022-01-23
7727724|1014|2022-01-24
7735500|1031|2022-01-25
7735807|1005|2022-01-26
7737603|1045|2022-01-26
7740312|1031|2022-01-26
7745545|1089|2022-01-27
7746826|1081|2022-01-27
7749220|1026|2022-01-28
7749498|1006|2022-01-28
7751495|1046|2022-01-28
7762057|1096|2022-01-30
7763307|1000|2022-01-30
7763672|1094|2022-01-30
7763737|1089|2022-01-30
7765684|1010|2022-01-30
7767707|1068|2022-01-31
7768434|1073|2022-01-31
7770471|1056|2022-01-31
7771764|1018|2022-01-31
7775417|1047|2022-02-01
7777066|1025|2022-02-01
7780228|1046|2022-02-02
7784074|1051|2022-02-02
7794659|1086|2022-02-04
7795162|1028|2022-02-04
7797428|1079|2022-02-05
7798865|1100|2022-02-05
7799106|1061|2022-02-05
7800501|1016|2022-02-05
7801007|1008|2022-02-05
7801970|1057|2022-02-05
7803500|1087|2022-02-06
7806675|1019|2022-02-06
7808365|1080|2022-02-06
7810444|1035|2022-02-07
7811192|1083|2022-02-07
7811875|1094|2022-02-07
7815592|1026|2022-02-08
7816052|1011|2022-02-08
7816652|1053|2022-02-08
7817525|1013|2022-02-08
7818341|1003|2022-02-08
7819409|1066|2022-02-08
7819439|1099|2022-02-08
7823567|1098|2022-02-09
7827751|1060|2022-02-10
7834125|1046|2022-02-11
7834370|1046|2022-02-11
7837373|1094|2022-02-11
7841223|1076|2022-02-12
7841715|1086|2022-02-12
7844772|1006|2022-02-12
7845449|1062|2022-02-12
7845817|1000|2022-02-12
7846396|1018|2022-02-13
7851595|1044|2022-02-13
7852871|1037|2022-02-14
7853622|1060|2022-02-14
7856103|1048|2022-02-14
7863530|1064|2022-02-15
7864079|1025|2022-02-15
7868375|1098|2022-02-16
7872324|1093|2022-02-17
7877150|1085|2022-02-17
7877175|1038|2022-02-17
7881120|1073|2022-02-18
7881611|1062|2022-02-18
7890623|1014|2022-02-20
7891459|1069|2022-02-20
7892329|1028|2022-02-20
7893004|1092|2022-02-20
7895619|1075|2022-02-20
7896865|1092|2022-02-21
7896897|1006|2022-02-21
7897877|1009|2022-02-21
7899667|1029|2022-02-21
7901413|1045|2022-02-21
7903845|1083|2022-02-22
7908998|1084|2022-02-23
7912221|1064|2022-02-23
7916192|1100|2022-02-24
7917996|1042|2022-02-24
7922415|1018|2022-02-25
7923390|1086|2022-02-25
7924904|1027|2022-02-25
7931490|1029|2022-02-26
7938757|1045|2022-02-27
7939448|1032|2022-02-27
7940605|1056|2022-02-28
7942760|1034|2022-02-28
7943129|1084|2022-02-28
7944390|1014|2022-02-28
7948955|1074|2022-03-01
7949567|1072|2022-03-01
7950471|1025|2022-03-01
7953417|1059|2022-03-02
7956339|1043|2022-03-02
7956901|1094|2022-03-02
7957673|1035|2022-03-02
7957877|1009|2022-03-02
7958677|1061|2022-03-02
7958832|1021|2022-03-02
7959978|1038|2022-03-03
7960816|1078|2022-03-03
7967181|1086|2022-03-04
7968599|1084|2022-03-04
7969131|1041|2022-03-04
7972681|1069|2022-03-05
7975091|1046|2022-03-05
7981743|1004|2022-03-06
7982459|1004|2022-03-06
7989227|1014|2022-03-07
7989427|1085|2022-03-07
7989910|1079|2022-03-07
7990503|1045|2022-03-07
7993416|1062|2022-03-08
7996227|1022|2022-03-08
7998207|1093|2022-03-09
8001152|1096|2022-03-09
8004448|1006|2022-03-10
8005362|1045|2022-03-10
8007272|1014|2022-03-10
8009194|1042|2022-03-10
8010873|1039|2022-03-11
8013897|1002|2022-03-11
8014229|1005|2022-03-11
8018583|1065|2022-03-12
8020567|1083|2022-03-12
8021465|1093|2022-03-12
8025544|1091|2022-03-13
8028108|1028|2022-03-13
8028481|1086|2022-03-13
8032930|1058|2022-03-14
8035301|1004|2022-03-14
8035688|1007|2022-03-14
8036417|1075|2022-03-14
8044930|1093|2022-03-16
8050390|1040|2022-03-17
8050950|1050|2022-03-17
8052686|1077|2022-03-17
8056923|1083|2022-03-18
8058407|1083|2022-03-18
8060957|1044|2022-03-18
8063269|1070|2022-03-19
8063751|1058|2022-03-19
8067608|1098|2022-03-19
8067864|1075|2022-03-19
8068916|1074|2022-03-19
8071474|1070|2022-03-20
8074266|1038|2022-03-20
8087111|1013|2022-03-22
8088780|1018|2022-03-22
8095546|1037|2022-03-24
8096485|1072|2022-03-24
8096685|1039|2022-03-24
8099780|1028|2022-03-24
8101788|1017|2022-03-24
8103563|1021|2022-03-25
8105654|1018|2022-03-25
8106202|1034|2022-03-25
8110092|1050|2022-03-26
8111115|1089|2022-03-26
8119839|1053|2022-03-27
8125758|1086|2022-03-28
8127804|1013|2022-03-28
8133080|1064|2022-03-29
8133503|1057|2022-03-29
8138880|1025|2022-03-30
8139773|1093|2022-03-30
8140140|1041|2022-03-30
8142906|1003|2022-03-31
8144628|1030|2022-03-31
8145288|1077|2022-03-31
8145976|1025|2022-03-31
8148585|1074|2022-04-01
8148929|1020|2022-04-01
8148965|1096|2022-04-01
8151662|1069|2022-04-01
8158154|1004|2022-04-02
8159759|1071|2022-04-02
8162393|1011|2022-04-03
8179357|1060|2022-04-05
8180516|1080|2022-04-05
8186983|1048|2022-04-06
8187623|1001|2022-04-06
8189042|1071|2022-04-07
8190131|1044|2022-04-07
8200552|1038|2022-04-08
8202581|1061|2022-04-09
8209718|1000|2022-04-10
8209867|1040|2022-04-10
8211628|1011|2022-04-10
8214378|1028|2022-04-10
8214714|1068|2022-04-10
8215100|1026|2022-04-10
8218971|1086|2022-04-11
8220759|1046|2022-04-11
8223133|1012|2022-04-12
8224705|1039|2022-04-12
8225161|1063|2022-04-12
8227829|1098|2022-04-12
8229098|1030|2022-04-13
8229720|1029|2022-04-13
8230180|1071|2022-04-13
8235949|1092|2022-04-14
8240171|1016|2022-04-14
8240743|1084|2022-04-14
8242878|1034|2022-04-15
8243722|1030|2022-04-15
8243916|1094|2022-04-15
8244283|1050|2022-04-15
8244575|1081|2022-04-15
8244749|1076|2022-04-15
8249426|1028|2022-04-16
8249612|1067|2022-04-16
8251206|1092|2022-04-16
8255025|1034|2022-04-16
8257950|1095|2022-04-17
8258425|1078|2022-04-17
8260148|1095|2022-04-17
8263612|1005|2022-04-18
8264042|1064|2022-04-18
8264386|1046|2022-04-18
8264539|1041|2022-04-18
8265628|1069|2022-04-18
8265653|1076|2022-04-18
8270307|1056|2022-04-19
8270739|1053|2022-04-19
8271864|1100|2022-04-19
8274467|1014|2022-04-19
8279591|1061|2022-04-20
8282025|1051|2022-04-20
8284738|1020|2022-04-21
8285477|1095|2022-04-21
8287494|1014|2022-04-21
8289217|1008|2022-04-21
8292702|1003|2022-04-22
8299965|1083|2022-04-23
8302605|1092|2022-04-23
8303834|1091|2022-04-24
8303965|1099|2022-04-24
8305678|1043|2022-04-24
8308104|1083|2022-04-24
8314444|1009|2022-04-25
8316966|1069|2022-04-25
8320209|1014|2022-04-26
8323014|1089|2022-04-26
8324554|1072|2022-04-27
8333892|1008|2022-04-28
8338327|1037|2022-04-29
8340503|1013|2022-04-29
8344699|1066|2022-04-29
8344720|1016|2022-04-29
8346014|1004|2022-04-30
8348160|1064|2022-04-30
8348600|1014|2022-04-30
8354294|1076|2022-05-01
8359034|1033|2022-05-02
8359270|1054|2022-05-02
8359531|1015|2022-05-02
8363209|1043|2022-05-02
8364385|1095|2022-05-02
8370918|1099|2022-05-03
8371930|1023|2022-05-03
8374565|1030|2022-05-04
8380922|1044|2022-05-05
8382384|1021|2022-05-05
8383109|1072|2022-05-05
8383901|1030|2022-05-05
8385510|1034|2022-05-05
8395726|1080|2022-05-07
8397918|1000|2022-05-07
8398624|1040|2022-05-07
8399874|1015|2022-05-07
8400403|1025|2022-05-07
8402670|1073|2022-05-08
8405112|1099|2022-05-08
8408180|1057|2022-05-09
8408449|1082|2022-05-09
8409675|1048|2022-05-09
8414229|1031|2022-05-09
8417621|1036|2022-05-10
8418595|1006|2022-05-10
8419933|1046|2022-05-10
8432047|1018|2022-05-12
8434105|1043|2022-05-12
8437496|1006|2022-05-13
8437928|1022|2022-05-13
8442167|1040|2022-05-13
8443602|1026|2022-05-14
8445326|1058|2022-05-14
8447482|1043|2022-05-14
8450461|1100|2022-05-14
8454131|1046|2022-05-15
8458679|1077|2022-05-16
8459212|1008|2022-05-16
8467556|1016|2022-05-17
8470536|1073|2022-05-17
8475390|1026|2022-05-18
8476372|1006|2022-05-18
8478088|1082|2022-05-18
8478246|1094|2022-05-18
8481343|1100|2022-05-19
8483282|1100|2022-05-19
8484422|1063|2022-05-19
8486907|1006|2022-05-20
8488156|1012|2022-05-20
8488451|1095|2022-05-20
8493454|1077|2022-05-20
8494914|1090|2022-05-21
8498378|1020|2022-05-21
8498405|1017|2022-05-21
8499194|1008|2022-05-21
8499605|1026|2022-05-21
8501671|1011|2022-05-22
8510275|1099|2022-05-23
8514897|1067|2022-05-23
8520944|1033|2022-05-24
8527624|1005|2022-05-25
8529634|1000|2022-05-25
8532098|1087|2022-05-26
8532277|1070|2022-05-26
8533754|1025|2022-05-26
8535505|1086|2022-05-26
8539084|1072|2022-05-27
8543364|1023|2022-05-27
8543560|1059|2022-05-27
8546612|1059|2022-05-28
8548555|1038|2022-05-28
8550716|1019|2022-05-28
8556333|1074|2022-05-29
8563624|1059|2022-05-30
8566710|1053|2022-05-30
8567818|1006|2022-05-31
8568113|1043|2022-05-31
8568570|1001|2022-05-31
8575487|1070|2022-06-01
8575576|1005|2022-06-01
8576171|1012|2022-06-01
8577720|1017|2022-06-01
8584811|1089|2022-06-02
8584843|1100|2022-06-02
8585754|1012|2022-06-02
8589193|1064|2022-06-03
8590347|1095|2022-06-03
8592777|1016|2022-06-03
8593752|1003|2022-06-03
8594464|1006|2022-06-03
8595353|1004|2022-06-03
8598015|1098|2022-06-04
8599397|1040|2022-06-04
8599500|1073|2022-06-04
8602301|1065|2022-06-04
8603523|1048|2022-06-04
8604105|1036|2022-06-05
8604522|1042|2022-06-05
8605658|1054|2022-06-05
8607535|1058|2022-06-05
8610586|1039|2022-06-05
8611662|1072|2022-06-06
8612643|1057|2022-06-06
8614393|1033|2022-06-06
8617781|1017|2022-06-06
8618798|1058|2022-06-07
8626167|1045|2022-06-07
8626189|1080|2022-06-07
8628996|1084|2022-06-08
8630293|1035|2022-06-08
8632982|1070|2022-06-08
8633865|1069|2022-06-09
8635591|1002|2022-06-09
8640424|1064|2022-06-09
8640673|1067|2022-06-09
8648072|1087|2022-06-10
8649137|1035|2022-06-11
8650207|1013|2022-06-11
8650692|1089|2022-06-11
8653120|1010|2022-06-11
8653232|1048|2022-06-11
8653397|1002|2022-06-11
8653484|1057|2022-06-11
8654178|1013|2022-06-11
8656537|1046|2022-06-12
8660601|1071|2022-06-12
8662703|1075|2022-06-12
8663481|1015|2022-06-12
8666370|1081|2022-06-13
8670893|1070|2022-06-13
8672615|1000|2022-06-14
8677041|1040|2022-06-14
8678930|1045|2022-06-15
8678961|1012|2022-06-15
8679580|1053|2022-06-15
8680638|1026|2022-06-15
8681292|1018|2022-06-15
8681987|1034|2022-06-15
8682086|1073|2022-06-15
8682587|1066|2022-06-15
8685812|1098|2022-06-15
8686647|1019|2022-06-16
8688157|1031|2022-06-16
8688782|1043|2022-06-16
8688825|1080|2022-06-16
8690832|1040|2022-06-16
8693949|1063|2022-06-17
8695581|1032|2022-06-17
8695917|1062|2022-06-17
8697654|1043|2022-06-17
8699398|1037|2022-06-17
8700294|1010|2022-06-17
8704340|1072|2022-06-18
8705045|1091|2022-06-18
8706531|1084|2022-06-18
8706812|1039|2022-06-18
8708752|1000|2022-06-18
8711228|1036|2022-06-19
8717326|1038|2022-06-20
8721910|1022|2022-06-20
8725979|1074|2022-06-21
8732717|1014|2022-06-22
8737690|1064|2022-06-22
8737791|1028|2022-06-22
8737915|1073|2022-06-22
8744248|1087|2022-06-23
8744863|1058|2022-06-23
8744905|1025|2022-06-23
8745745|1095|2022-06-23
8748264|1084|2022-06-24
8753382|1057|2022-06-24
8760724|1034|2022-06-25
8762839|1049|2022-06-26
8767465|1047|2022-06-26
8771522|1002|2022-06-27
8772602|1006|2022-06-27
8773314|1039|2022-06-27
8774744|1057|2022-06-27
8775104|1000|2022-06-27
8777348|1040|2022-06-27
8777470|1058|2022-06-27
8777802|1073|2022-06-27
8778548|1024|2022-06-28
8780593|1048|2022-06-28
8780745|1093|2022-06-28
8781159|1100|2022-06-28
8781525|1027|2022-06-28
8782248|1088|2022-06-28
8789014|1000|2022-06-29
8798132|1021|2022-06-30
8798916|1100|2022-06-30
8799370|1059|2022-06-30
8806385|1030|2022-07-01
8809816|1049|2022-07-02
8810646|1071|2022-07-02
8812672|1093|2022-07-02
8813281|1047|2022-07-02
8814147|1094|2022-07-02
8815735|1064|2022-07-02
8818278|1004|2022-07-03
8819113|1044|2022-07-03
8825488|1089|2022-07-04
8828062|1084|2022-07-04
8828555|1012|2022-07-04
8830427|1068|2022-07-04
8830558|1006|2022-07-04
8836208|1023|2022-07-05
8838007|1071|2022-07-05
8838268|1077|2022-07-05
8840471|1001|2022-07-05
8840730|1063|2022-07-05
8842031|1027|2022-07-06
8842707|1014|2022-07-06
8842719|1081|2022-07-06
8842942|1046|2022-07-06
8845925|1062|2022-07-06
8855501|1035|2022-07-07
8856103|1100|2022-07-07
8857152|1072|2022-07-08
8857211|1054|2022-07-08
8861376|1093|2022-07-08
8862391|1032|2022-07-08
8862959|1023|2022-07-08
8867596|1071|2022-07-09
8868146|1099|2022-07-09
8868165|1038|2022-07-09
8874518|1020|2022-07-10
8876291|1072|2022-07-10
8878238|1064|2022-07-10
8881511|1049|2022-07-11
8884753|1099|2022-07-11
8891308|1091|2022-07-12
8891654|1017|2022-07-12
8896205|1076|2022-07-12
8896488|1080|2022-07-12
8901821|1080|2022-07-13
8906417|1059|2022-07-14
8909763|1036|2022-07-14
8911500|1002|2022-07-14
8911787|1073|2022-07-14
8921543|1052|2022-07-15
8925134|1037|2022-07-16
8926206|1070|2022-07-16
8929977|1071|2022-07-16
8932651|1056|2022-07-17
8932845|1062|2022-07-17
8933457|1052|2022-07-17
8935717|1014|2022-07-17
8935858|1038|2022-07-17
8939272|1046|2022-07-18
8941927|1019|2022-07-18
8941985|1045|2022-07-18
8942462|1002|2022-07-18
8944242|1043|2022-07-18
8947266|1036|2022-07-19
8949984|1017|2022-07-19
8950232|1045|2022-07-19
8954531|1040|2022-07-19
8958036|1078|2022-07-20
8960967|1035|2022-07-20
8962684|1041|2022-07-20
8970074|1070|2022-07-21
8970421|1000|2022-07-21
8972523|1086|2022-07-22
8973269|1029|2022-07-22
8980063|1006|2022-07-23
8980390|1024|2022-07-23
8981147|1025|2022-07-23
8983080|1007|2022-07-23
8983372|1042|2022-07-23
8986308|1053|2022-07-23
8987528|1011|2022-07-23
8989250|1008|2022-07-24
8990588|1082|2022-07-24
8996318|1098|2022-07-25
9000640|1072|2022-07-25
9003034|1047|2022-07-25
9007842|1069|2022-07-26
9008224|1012|2022-07-26
9011406|1029|2022-07-26
9012180|1064|2022-07-26
9013360|1011|2022-07-27
9015291|1042|2022-07-27
9016452|1023|2022-07-27
9033566|1072|2022-07-29
9034480|1067|2022-07-29
9043313|1091|2022-07-30
9043562|1095|2022-07-30
9047246|1062|2022-07-31
9050223|1030|2022-07-31
9052333|1025|2022-07-31
9053432|1019|2022-07-31
9066689|1039|2022-08-02
9068877|1000|2022-08-02
9069157|1034|2022-08-02
9069946|1054|2022-08-02
9072333|1036|2022-08-02
9075154|1063|2022-08-03
9075486|1057|2022-08-03
9085488|1069|2022-08-04
9086060|1057|2022-08-04
9086097|1042|2022-08-04
9086757|1063|2022-08-04
9088598|1029|2022-08-04
9090684|1082|2022-08-05
9096198|1006|2022-08-05
9102112|1026|2022-08-06
9108368|1033|2022-08-07
9109954|1036|2022-08-07
9112803|1039|2022-08-07
9114517|1017|2022-08-07
9119551|1032|2022-08-08
9121782|1065|2022-08-08
9125914|1019|2022-08-09
9130656|1052|2022-08-09
9131537|1089|2022-08-09
9133474|1007|2022-08-10
9134747|1012|2022-08-10
9135076|1068|2022-08-10
9137460|1010|2022-08-10
9137855|1020|2022-08-10
9139027|1042|2022-08-10
9141269|1098|2022-08-10
9144015|1095|2022-08-11
9144452|1032|2022-08-11
9145603|1020|2022-08-11
9145692|1061|2022-08-11
9145767|1038|2022-08-11
9147078|1026|2022-08-11
9149128|1082|2022-08-11
9152126|1053|2022-08-12
9157224|1012|2022-08-12
9160897|1000|2022-08-13
9166455|1048|2022-08-13
9168544|1002|2022-08-14
9170697|1058|2022-08-14
9172794|1066|2022-08-14
9173307|1031|2022-08-14
9176762|1092|2022-08-14
9178424|1037|2022-08-15
9179363|1087|2022-08-15
9179551|1008|2022-08-15
9182070|1093|2022-08-15
9182206|1023|2022-08-15
9182679|1015|2022-08-15
9186116|1042|2022-08-16
9186568|1047|2022-08-16
9188890|1087|2022-08-16
9189784|1069|2022-08-16
9207781|1043|2022-08-18
9217143|1050|2022-08-19
9217340|1036|2022-08-19
9220454|1030|2022-08-19
9220983|1069|2022-08-19
9223907|1029|2022-08-20
9224554|1022|2022-08-20
9227547|1007|2022-08-20
9232358|1093|2022-08-21
9234656|1024|2022-08-21
9236194|1063|2022-08-21
9240347|1035|2022-08-22
9240623|1063|2022-08-22
9247887|1029|2022-08-22
9248283|1100|2022-08-22
9249397|1006|2022-08-23
9253915|1034|2022-08-23
9267861|1074|2022-08-25
9271408|1072|2022-08-25
9280618|1071|2022-08-26
9285565|1085|2022-08-26
9294919|1056|2022-08-27
9297124|1092|2022-08-28
9300963|1076|2022-08-28
9303816|1000|2022-08-28
9306591|1082|2022-08-29
9311412|1018|2022-08-29
9311767|1013|2022-08-29
9313076|1079|2022-08-29
9316445|1050|2022-08-30
9323315|1056|2022-08-31
9323908|1009|2022-08-31
9324316|1028|2022-08-31
9325795|1022|2022-08-31
9331530|1035|2022-08-31
9332437|1032|2022-08-31
9333665|1017|2022-09-01
9335107|1016|2022-09-01
9341595|1039|2022-09-01
9343636|1039|2022-09-02
9343716|1079|2022-09-02
9343733|1053|2022-09-02
9347365|1073|2022-09-02
9347668|1009|2022-09-02
9350314|1001|2022-09-02
9355532|1085|2022-09-03
9359255|1040|2022-09-03
9360676|1050|2022-09-03
9361791|1051|2022-09-04
9364124|1054|2022-09-04
9374223|1033|2022-09-05
9375305|1025|2022-09-05
9377700|1049|2022-09-05
9378128|1023|2022-09-05
9380732|1010|2022-09-06
9381987|1013|2022-09-06
9382771|1098|2022-09-06
9383712|1099|2022-09-06
9386155|1066|2022-09-06
9390525|1032|2022-09-07
9392289|1037|2022-09-07
9392620|1047|2022-09-07
9395006|1070|2022-09-07
9398216|1029|2022-09-07
9398340|1034|2022-09-07
9406949|1012|2022-09-08
9414404|1045|2022-09-09
9418031|1005|2022-09-09
9419596|1029|2022-09-10
9420050|1011|2022-09-10
9420781|1033|2022-09-10
9422235|1026|2022-09-10
9422836|1100|2022-09-10
9424015|1074|2022-09-10
9425576|1018|2022-09-10
9428030|1049|2022-09-10
9432008|1098|2022-09-11
9439965|1003|2022-09-12
9444418|1089|2022-09-12
9446622|1087|2022-09-12
9447039|1036|2022-09-12
9449131|1058|2022-09-13
9450754|1085|2022-09-13
9452603|1082|2022-09-13
9453827|1062|2022-09-13
9454857|1091|2022-09-13
9457693|1098|2022-09-13
9459378|1046|2022-09-14
9461068|1042|2022-09-14
9461346|1040|2022-09-14
9464101|1074|2022-09-14
9464985|1050|2022-09-14
9465951|1046|2022-09-14
9469011|1098|2022-09-15
9469297|1026|2022-09-15
9471103|1040|2022-09-15
9479828|1065|2022-09-16
9480634|1073|2022-09-16
9485772|1044|2022-09-16
9487566|1029|2022-09-16
9492273|1004|2022-09-17
9492726|1074|2022-09-17
9493662|1080|2022-09-17
9507224|1022|2022-09-18
9508351|1063|2022-09-18
9510411|1044|2022-09-19
9512271|1019|2022-09-19
9514688|1087|2022-09-19
9514889|1058|2022-09-19
9517838|1005|2022-09-19
9518040|1071|2022-09-19
9528275|1059|2022-09-20
9530047|1092|2022-09-21
9538759|1026|2022-09-21
9539211|1070|2022-09-21
9542652|1058|2022-09-22
9543369|1084|2022-09-22
9543435|1073|2022-09-22
9546161|1079|2022-09-22
9549122|1042|2022-09-22
9553105|1064|2022-09-23
9553195|1088|2022-09-23
9556700|1093|2022-09-23
9561690|1041|2022-09-24
9564199|1058|2022-09-24
9567232|1075|2022-09-24
9573618|1059|2022-09-25
9575318|1025|2022-09-25
9577916|1028|2022-09-25
9578123|1096|2022-09-25
9579785|1049|2022-09-25
9580023|1025|2022-09-25
9580214|1050|2022-09-25
9585973|1062|2022-09-26
9595498|1100|2022-09-27
9596056|1069|2022-09-27
9598362|1063|2022-09-27
9601192|1021|2022-09-27
9603524|1019|2022-09-28
9604702|1006|2022-09-28
9606551|1067|2022-09-28
9607517|1006|2022-09-28
9611579|1094|2022-09-28
9612783|1089|2022-09-28
9612837|1051|2022-09-28
9614620|1087|2022-09-29
9620971|1067|2022-09-29
9633084|1040|2022-09-30
9633105|1036|2022-09-30
9636848|1005|2022-10-01
9644349|1039|2022-10-01
9650596|1070|2022-10-02
9658675|1028|2022-10-03
9662223|1084|2022-10-03
9664371|1065|2022-10-03
9664473|1044|2022-10-03
9664679|1005|2022-10-03
9668422|1008|2022-10-03
9672586|1017|2022-10-04
9672766|1019|2022-10-04
9679983|1056|2022-10-05
9688704|1007|2022-10-05
9699046|1045|2022-10-06
9699159|1036|2022-10-06
9701047|1098|2022-10-06
9701750|1012|2022-10-06
9705123|1046|2022-10-07
9717088|1015|2022-10-08
9719527|1077|2022-10-08
9725121|1007|2022-10-08
9726323|1020|2022-10-09
9726758|1091|2022-10-09
9728567|1048|2022-10-09
9734339|1072|2022-10-09
9735411|1067|2022-10-09
9736974|1061|2022-10-09
9738436|1094|2022-10-10
9742604|1017|2022-10-10
9743099|1005|2022-10-10
9743905|1048|2022-10-10
9749310|1044|2022-10-11
9750298|1070|2022-10-11
9750825|1085|2022-10-11
9751447|1058|2022-10-11
9752347|1015|2022-10-11
9753482|1024|2022-10-11
9753984|1029|2022-10-11
9754261|1032|2022-10-11
9758283|1056|2022-10-11
9758838|1064|2022-10-11
9760072|1042|2022-10-11
9762801|1049|2022-10-12
9763025|1010|2022-10-12
9763125|1048|2022-10-12
9766315|1026|2022-10-12
9766398|1091|2022-10-12
9768598|1013|2022-10-12
9768770|1071|2022-10-12
9768855|1007|2022-10-12
9769632|1016|2022-10-12
9771088|1069|2022-10-12
9771210|1059|2022-10-12
9775733|1062|2022-10-13
9784432|1062|2022-10-13
9790986|1069|2022-10-14
9795748|1003|2022-10-14
9795952|1000|2022-10-14
9797664|1066|2022-10-15
9798892|1056|2022-10-15
9798976|1037|2022-10-15
9801466|1008|2022-10-15
9803092|1016|2022-10-15
9804163|1057|2022-10-15
9806593|1044|2022-10-15
9814482|1082|2022-10-16
9818768|1011|2022-10-16
9819261|1073|2022-10-16
9832291|1095|2022-10-17
9832812|1002|2022-10-17
9833413|1064|2022-10-17
9833464|1073|2022-10-17
9837329|1010|2022-10-18
9839074|1095|2022-10-18
9845817|1099|2022-10-18
9849797|1099|2022-10-19
9851691|1014|2022-10-19
9853054|1094|2022-10-19
9855672|1080|2022-10-19
9856033|1081|2022-10-19
9857498|1024|2022-10-19
9858957|1061|2022-10-19
9859339|1070|2022-10-19
9859620|1073|2022-10-19
9859682|1022|2022-10-19
9866810|1059|2022-10-20
9868518|1069|2022-10-20
9874896|1062|2022-10-21
9876074|1092|2022-10-21
9876406|1069|2022-10-21
9881304|1011|2022-10-21
9882507|1018|2022-10-21
9886664|1036|2022-10-21
9888643|1036|2022-10-22
9889053|1007|2022-10-22
9889095|1075|2022-10-22
9896054|1077|2022-10-22
9897098|1053|2022-10-22
9898373|1041|2022-10-22
9900122|1088|2022-10-22
9901589|1049|2022-10-22
9907420|1088|2022-10-23
9912841|1040|2022-10-23
9914605|1063|2022-10-23
9915748|1075|2022-10-23
9926524|1045|2022-10-24
9926848|1002|2022-10-24
9929787|1043|2022-10-24
9930360|1035|2022-10-25
9935296|1044|2022-10-25
9936343|1068|2022-10-25
9939502|1100|2022-10-25
9940021|1020|2022-10-25
9940646|1059|2022-10-25
9941098|1011|2022-10-25
9941515|1044|2022-10-25
9952015|1087|2022-10-26
9956541|1052|2022-10-26
9956758|1063|2022-10-26
9958409|1096|2022-10-26
9959127|1075|2022-10-26
9959797|1050|2022-10-26
9964406|1021|2022-10-27
9968459|1099|2022-10-27
9969921|1037|2022-10-27
9971126|1053|2022-10-27
9971307|1064|2022-10-27
9973581|1059|2022-10-27
9977095|1031|2022-10-28
9981564|1053|2022-10-28
9983947|1070|2022-10-28
9987010|1082|2022-10-28
9987341|1013|2022-10-28
9987632|1076|2022-10-28
9990958|1076|2022-10-28
9992847|1074|2022-10-28
9994346|1092|2022-10-29
9996979|1083|2022-10-29
9997494|1060|2022-10-29
10002350|1094|2022-10-29
10006942|1083|2022-10-29
10007433|1043|2022-10-29
10008561|1081|2022-10-29
10009701|1076|2022-10-29
